-- phpMyAdmin SQL Dump
-- version 4.7.4
-- https://www.phpmyadmin.net/
--
-- Hôte : 127.0.0.1:3306
-- Généré le :  lun. 02 avr. 2018 à 21:06
-- Version du serveur :  5.7.19
-- Version de PHP :  7.1.9

SET SQL_MODE = "NO_AUTO_VALUE_ON_ZERO";
SET AUTOCOMMIT = 0;
START TRANSACTION;
SET time_zone = "+00:00";


/*!40101 SET @OLD_CHARACTER_SET_CLIENT=@@CHARACTER_SET_CLIENT */;
/*!40101 SET @OLD_CHARACTER_SET_RESULTS=@@CHARACTER_SET_RESULTS */;
/*!40101 SET @OLD_COLLATION_CONNECTION=@@COLLATION_CONNECTION */;
/*!40101 SET NAMES utf8mb4 */;

--
-- Base de données :  `laravel_projet_blog`
--

-- --------------------------------------------------------

--
-- Structure de la table `articles`
--

DROP TABLE IF EXISTS `articles`;
CREATE TABLE IF NOT EXISTS `articles` (
  `id` int(10) UNSIGNED NOT NULL AUTO_INCREMENT,
  `titre` varchar(50) COLLATE utf8mb4_unicode_ci NOT NULL,
  `contenu` text COLLATE utf8mb4_unicode_ci NOT NULL,
  `created_at` timestamp NULL DEFAULT NULL,
  `updated_at` timestamp NULL DEFAULT NULL,
  `user_id` int(10) UNSIGNED NOT NULL,
  PRIMARY KEY (`id`),
  KEY `articles_user_id_foreign` (`user_id`)
) ENGINE=MyISAM AUTO_INCREMENT=120 DEFAULT CHARSET=utf8mb4 COLLATE=utf8mb4_unicode_ci;

--
-- Déchargement des données de la table `articles`
--

INSERT INTO `articles` (`id`, `titre`, `contenu`, `created_at`, `updated_at`, `user_id`) VALUES
(1, 'Prof.', 'Aut corporis ea alias distinctio repudiandae consectetur repellat. Autem expedita sit error cum. Voluptatem provident eum totam voluptates. Cumque alias accusamus velit non quasi culpa harum.', '2018-03-03 08:40:32', '2018-03-03 08:40:32', 20),
(2, 'Dr.', 'Libero eius nihil in. Consequatur voluptatum exercitationem ea aliquid. Architecto doloremque rerum dicta quia.', '2018-03-03 08:40:32', '2018-03-03 08:40:32', 11),
(3, 'Dr.', 'Aut occaecati non nostrum et. Ea possimus molestias saepe nulla quia praesentium aut et. Sint a quos praesentium eveniet dolores.', '2018-03-03 08:40:32', '2018-03-03 08:40:32', 40),
(4, 'Dr.', 'Voluptate adipisci maiores quis. Quam adipisci enim eos repudiandae placeat qui. Id in qui ut assumenda corporis modi asperiores. Alias ipsam aut rerum ut est ratione rerum ut.', '2018-03-03 08:40:32', '2018-03-03 08:40:32', 19),
(5, 'Prof.', 'Veritatis qui sequi nihil. Iure omnis ea debitis alias officiis quo qui. Ratione doloribus mollitia eos laboriosam. Officiis et eius consequatur non maiores.', '2018-03-03 08:40:32', '2018-03-03 08:40:32', 11),
(6, 'Dr.', 'Omnis rerum qui debitis voluptatem. Veritatis quia id ut qui expedita cupiditate. Qui doloremque odio cum ex deleniti error. Quisquam mollitia illo in.', '2018-03-03 08:40:32', '2018-03-03 08:40:32', 25),
(7, 'Ms.', 'Eveniet qui id numquam et esse ad. Cupiditate alias eum aliquid beatae. Adipisci recusandae explicabo consequatur nobis quis. Dignissimos quo tempore aut magnam minus ratione.', '2018-03-03 08:40:32', '2018-03-03 08:40:32', 16),
(8, 'Mr.', 'Et assumenda id voluptas et. Consequatur nemo laboriosam cumque excepturi voluptatem. Molestias sed aut repudiandae illo temporibus.', '2018-03-03 08:40:32', '2018-03-03 08:40:32', 17),
(9, 'Ms.', 'Architecto officiis tempore quaerat reiciendis culpa quaerat. Praesentium itaque amet expedita sunt labore ea occaecati. Aliquam voluptas libero ea fugit quis doloribus animi.', '2018-03-03 08:40:32', '2018-03-03 08:40:32', 11),
(10, 'Ms.', 'Aperiam similique quisquam ipsa officiis eligendi itaque. Incidunt atque voluptates possimus et ratione quo neque natus. Quas neque est alias nihil eligendi voluptatibus.', '2018-03-03 08:40:32', '2018-03-03 08:40:32', 34),
(11, 'Prof.', 'Occaecati veniam aut ut et consequatur. Voluptas dolorem molestiae omnis et sed exercitationem dolore. Dolore et amet nostrum tenetur ut. Nostrum quia blanditiis dolorum assumenda.', '2018-03-03 08:40:32', '2018-03-03 08:40:32', 5),
(12, 'Dr.', 'Perferendis dignissimos et ipsa. Deserunt sed animi unde. Sed qui et rerum id ullam quia dolores. Soluta est voluptas vel non nisi enim. Accusamus molestiae nostrum facilis vero at.', '2018-03-03 08:40:32', '2018-03-03 08:40:32', 37),
(13, 'Miss', 'Reiciendis iusto eaque et numquam iusto ducimus. Recusandae est atque nihil reprehenderit voluptate. Rerum autem doloremque corporis incidunt doloribus alias.', '2018-03-03 08:40:32', '2018-03-03 08:40:32', 25),
(14, 'Prof.', 'Quia modi ea et ducimus repudiandae. Velit iste tempora voluptatibus molestiae. Quis et iusto unde enim odit tenetur.', '2018-03-03 08:40:32', '2018-03-03 08:40:32', 1),
(15, 'Ms.', 'Sequi cupiditate et corporis quam. Sit et non veritatis totam. Alias tempora consequatur accusamus blanditiis.', '2018-03-03 08:40:32', '2018-03-03 08:40:32', 18),
(16, 'Ms.', 'Et dolorem laborum porro omnis blanditiis aut. In consequatur aliquam architecto est dolorum placeat aut. Rerum soluta eaque necessitatibus laboriosam animi in fugit.', '2018-03-03 08:40:32', '2018-03-03 08:40:32', 31),
(17, 'Prof.', 'Ex beatae praesentium deserunt quaerat voluptas officia ut. Dicta in itaque quo dolorem at ab nisi. Rerum consectetur et sit non explicabo.', '2018-03-03 08:40:32', '2018-03-03 08:40:32', 7),
(18, 'Prof.', 'Minus praesentium amet impedit sed aut. Iusto excepturi assumenda quia ut eligendi consectetur sit. Ratione cumque possimus quis ut possimus rem. Ut nemo ut optio voluptatem.', '2018-03-03 08:40:32', '2018-03-03 08:40:32', 7),
(19, 'Prof.', 'Eaque aut ut voluptatum in. Labore nihil ut est provident neque. Possimus dignissimos minima soluta ea. Dolore harum est quibusdam non.', '2018-03-03 08:40:32', '2018-03-03 08:40:32', 25),
(20, 'Prof.', 'Magnam et tempore et fugit culpa. Maxime laudantium culpa quia et explicabo id. Quia saepe quam ea saepe. Voluptate tempora voluptatem assumenda fugit vitae aspernatur officiis.', '2018-03-03 08:40:32', '2018-03-03 08:40:32', 15),
(21, 'Mrs.', 'Perspiciatis et sit dolor doloribus nihil. Qui quas sunt commodi veritatis doloribus soluta. Perspiciatis autem qui et molestiae qui blanditiis. Quo tenetur necessitatibus odit.', '2018-03-03 08:40:32', '2018-03-03 08:40:32', 34),
(22, 'Ms.', 'Et et aliquid sapiente est. In perspiciatis et voluptatem omnis. Eligendi facere dicta nostrum. Nihil nisi sint reprehenderit et illum nobis cumque.', '2018-03-03 08:40:32', '2018-03-03 08:40:32', 33),
(23, 'Mrs.', 'Quibusdam voluptatibus id reprehenderit natus aut. Ut eos qui non minus et laborum. Sed perspiciatis in autem adipisci natus aspernatur.', '2018-03-03 08:40:32', '2018-03-03 08:40:32', 31),
(24, 'Mrs.', 'In inventore harum vel asperiores corporis tenetur. Dignissimos pariatur quam autem totam tempora. Natus magnam est non sequi ad itaque error. Quidem et aut et amet sequi et.', '2018-03-03 08:40:32', '2018-03-03 08:40:32', 38),
(25, 'Miss', 'Quae similique sit nisi quia. Est architecto modi nobis quibusdam ut. Tempore adipisci quam et autem maiores ut.', '2018-03-03 08:40:32', '2018-03-03 08:40:32', 39),
(26, 'Miss', 'Et pariatur omnis ratione. Excepturi voluptas blanditiis facilis. Aut minus in cumque temporibus labore.', '2018-03-03 08:40:32', '2018-03-03 08:40:32', 25),
(27, 'Ms.', 'Ullam sint qui quaerat voluptas. Numquam sunt illum molestiae rem dolorem iusto autem dolore. Illum libero id voluptas rem blanditiis voluptatum.', '2018-03-03 08:40:32', '2018-03-03 08:40:32', 25),
(28, 'Mr.', 'Aliquam qui ut et. Eos repellendus aut autem aperiam. Quis aut pariatur voluptatem ad ratione rerum.', '2018-03-03 08:40:32', '2018-03-03 08:40:32', 11),
(29, 'Dr.', 'Sed inventore vel optio ut earum reiciendis vero. Consequuntur eaque facere voluptatum et corporis nihil. Laboriosam consequatur expedita rerum optio voluptatem quo.', '2018-03-03 08:40:32', '2018-03-03 08:40:32', 40),
(30, 'Dr.', 'Facilis nulla voluptates eos debitis voluptas. Enim sed et qui consectetur nobis. Qui nemo consequatur eos. Ab deserunt non qui quaerat error quam quia maxime.', '2018-03-03 08:40:32', '2018-03-03 08:40:32', 3),
(31, 'Ms.', 'Delectus sunt ea in ut numquam ab et. Hic magnam et occaecati rerum. Aut aut rerum qui ut deleniti. Corrupti tempora voluptatibus occaecati nisi.', '2018-03-03 08:40:32', '2018-03-03 08:40:32', 16),
(32, 'Mr.', 'Ut ipsum est natus fuga. Saepe quis voluptatibus minus odio nostrum rerum vel. Et atque cum eum rem recusandae.', '2018-03-03 08:40:32', '2018-03-03 08:40:32', 34),
(33, 'Prof.', 'Animi voluptatibus autem sunt explicabo. Architecto reiciendis sit esse porro at. Aut nihil hic ducimus magni voluptas explicabo magnam.', '2018-03-03 08:40:32', '2018-03-03 08:40:32', 10),
(34, 'Mr.', 'Recusandae vel rerum sint exercitationem. Sint officiis molestiae quos possimus odit ut facere accusamus. Dicta dolorem quo sunt blanditiis.', '2018-03-03 08:40:32', '2018-03-03 08:40:32', 32),
(35, 'Mr.', 'Veritatis optio expedita cupiditate itaque et quia. Quia iste ratione amet aut voluptatem dolores. Modi aut iure eos incidunt voluptates. Nobis magnam magni ut enim sunt magni excepturi.', '2018-03-03 08:40:32', '2018-03-03 08:40:32', 39),
(36, 'Dr.', 'Et autem aut commodi qui. Doloribus nostrum rerum non saepe delectus autem reprehenderit. Deserunt ea pariatur assumenda maxime deleniti praesentium rerum.', '2018-03-03 08:40:32', '2018-03-03 08:40:32', 26),
(37, 'Dr.', 'Cumque velit voluptatibus voluptatum sit qui. Amet ut minima illum suscipit. Molestiae ut sed rerum aperiam. Dignissimos porro porro quia cum quo dignissimos neque.', '2018-03-03 08:40:32', '2018-03-03 08:40:32', 35),
(38, 'Ms.', 'Quas doloremque odit eos ad. Maxime rerum aut qui ea ea temporibus.', '2018-03-03 08:40:32', '2018-03-03 08:40:32', 10),
(39, 'Miss', 'Reprehenderit occaecati unde optio maxime. Libero eligendi officiis sed qui ipsa illo. Neque excepturi consequatur dolorem qui omnis ullam dignissimos cum.', '2018-03-03 08:40:32', '2018-03-03 08:40:32', 19),
(40, 'Dr.', 'Vel atque voluptatem ullam alias ab. Possimus voluptate asperiores hic dolorem consequatur.', '2018-03-03 08:40:32', '2018-03-03 08:40:32', 2),
(41, 'Mr.', 'Quos reiciendis voluptates est veniam explicabo doloremque incidunt. Delectus nostrum odit nostrum molestias. Ipsam illo nam harum distinctio ducimus aut nam voluptatibus.', '2018-03-03 08:40:32', '2018-03-03 08:40:32', 17),
(42, 'Prof.', 'Nam dolorum officiis voluptatem aut a magni. Nostrum perspiciatis ut rerum. Qui perferendis recusandae et harum vitae laborum.', '2018-03-03 08:40:32', '2018-03-03 08:40:32', 28),
(43, 'Prof.', 'Necessitatibus iusto molestias ipsam non voluptas. Esse dolorem id totam ex dolore deleniti reprehenderit. Porro totam quibusdam velit quia beatae tempora.', '2018-03-03 08:40:32', '2018-03-03 08:40:32', 32),
(44, 'Dr.', 'Labore ea corporis itaque iusto facilis consectetur ut. Est ut sed aut labore aperiam. Qui tenetur fugit dolores tenetur delectus minus.', '2018-03-03 08:40:32', '2018-03-03 08:40:32', 6),
(45, 'Ms.', 'Dolores suscipit alias nemo aut. Optio doloribus eos modi rerum molestiae in id. Exercitationem minus maxime et distinctio nulla omnis. Incidunt earum placeat voluptatem quasi.', '2018-03-03 08:40:32', '2018-03-03 08:40:32', 3),
(46, 'Mr.', 'Aut et et aut necessitatibus aut corrupti. Laudantium ab dolore quas libero corporis ea voluptatem quod. Ut et consequatur dolore tempora reiciendis nostrum quia.', '2018-03-03 08:40:32', '2018-03-03 08:40:32', 25),
(47, 'Prof.', 'Architecto voluptatem laborum aliquid amet. Labore soluta sunt sapiente veniam dolorum aut est enim. Itaque nam et fugit nulla. Deserunt dolor velit velit consequatur itaque quos.', '2018-03-03 08:40:32', '2018-03-03 08:40:32', 30),
(48, 'Prof.', 'Repudiandae maxime expedita ut deleniti maiores. Quisquam quia in nihil labore explicabo mollitia. Provident sint molestiae ipsam assumenda quia ut. Natus incidunt repudiandae maxime autem repellat.', '2018-03-03 08:40:32', '2018-03-03 08:40:32', 24),
(49, 'Dr.', 'Corporis dolores ullam quisquam velit et consectetur omnis. Pariatur molestias ea ipsam. Velit dolor a libero nisi a. Nesciunt quibusdam dolorum cum.', '2018-03-03 08:40:32', '2018-03-03 08:40:32', 24),
(50, 'Prof.', 'Nihil molestias voluptate perferendis sit doloremque corrupti odit. Numquam labore et maxime eum autem voluptatum sit.', '2018-03-03 08:40:32', '2018-03-03 08:40:32', 34),
(51, 'Prof.', 'Nihil amet nam est et pariatur sunt similique accusantium. Voluptatem non rerum quam ab sapiente. Sit voluptatibus perferendis consequatur et reiciendis. Aliquam ea velit accusantium libero.', '2018-03-03 08:40:32', '2018-03-03 08:40:32', 22),
(52, 'Mr.', 'Similique quia consequatur amet facilis fuga. Blanditiis error pariatur totam neque quis totam omnis. Eaque qui eum est et labore aut esse.', '2018-03-03 08:40:32', '2018-03-03 08:40:32', 9),
(53, 'Ms.', 'Ullam atque dolor non aut distinctio quis. Quos qui tempore perferendis et. Voluptas reprehenderit sed omnis numquam. Cupiditate sint maiores ducimus ducimus explicabo.', '2018-03-03 08:40:32', '2018-03-03 08:40:32', 5),
(54, 'Prof.', 'Quia accusamus atque consectetur blanditiis voluptatem ratione. Blanditiis dolores magnam natus eaque quia rerum nemo. Deleniti itaque sit ut quaerat quod nihil magni.', '2018-03-03 08:40:32', '2018-03-03 08:40:32', 29),
(55, 'Mr.', 'Cumque tempora quam et et aliquid. Voluptas enim sit in aut iure repudiandae. Molestiae magnam dolorum qui. Nihil autem autem voluptas omnis repellendus illum eaque. Fugiat animi voluptas ea sed.', '2018-03-03 08:40:32', '2018-03-03 08:40:32', 36),
(56, 'Prof.', 'Mollitia tempore quia sed at aperiam non reprehenderit. Eveniet dolorem id sunt rem. Consequuntur ut omnis consequuntur quos quia eveniet ut deserunt.', '2018-03-03 08:40:32', '2018-03-03 08:40:32', 8),
(57, 'Prof.', 'Pariatur non distinctio odit nihil debitis aut velit. Sequi culpa sunt iure omnis.', '2018-03-03 08:40:32', '2018-03-03 08:40:32', 15),
(58, 'Prof.', 'Possimus deserunt ea nam nesciunt cupiditate. Odit expedita quo ab repudiandae mollitia. Similique voluptas sit dolores rerum molestias fuga.', '2018-03-03 08:40:32', '2018-03-03 08:40:32', 6),
(59, 'Miss', 'Inventore nihil sunt sint ea explicabo et. Est dignissimos impedit eligendi architecto. Et assumenda ut necessitatibus ab cum. Aut accusamus sed et quisquam hic.', '2018-03-03 08:40:32', '2018-03-03 08:40:32', 11),
(60, 'Dr.', 'Quaerat dolorum nam non illo nesciunt nobis sit. Quibusdam sed rerum et ullam nisi molestiae et.', '2018-03-03 08:40:32', '2018-03-03 08:40:32', 5),
(61, 'Mr.', 'Molestias id officiis qui omnis sed. Autem quis enim est nobis cupiditate rerum fuga tempora. Sit odit ut qui doloribus nostrum amet.', '2018-03-03 08:40:32', '2018-03-03 08:40:32', 28),
(62, 'Dr.', 'Neque vero in cupiditate modi minus ut autem. Consequatur eaque sed vitae a eligendi et. Nisi in quis cupiditate et qui reiciendis.', '2018-03-03 08:40:32', '2018-03-03 08:40:32', 33),
(63, 'Mr.', 'Omnis quisquam dolor explicabo beatae nulla doloremque. Sapiente similique quibusdam voluptatem. Rerum dicta velit eaque et. Adipisci natus in voluptas.', '2018-03-03 08:40:32', '2018-03-03 08:40:32', 36),
(64, 'Prof.', 'Quis incidunt et id sed quidem asperiores amet. Perspiciatis accusamus dolorem quas expedita. Porro rem sed id eum dolor veritatis. Porro quam voluptate ut sit dolorem repellendus.', '2018-03-03 08:40:32', '2018-03-03 08:40:32', 11),
(65, 'Prof.', 'Vel distinctio aut provident odio. Est eveniet ab dolorem repudiandae optio soluta velit. Dolor beatae voluptates expedita.', '2018-03-03 08:40:32', '2018-03-03 08:40:32', 1),
(66, 'Dr.', 'Necessitatibus autem magnam omnis dolores at iusto et sit. Hic provident cumque nulla ut dolor. Nemo minima quaerat qui temporibus quia ipsa.', '2018-03-03 08:40:32', '2018-03-03 08:40:32', 9),
(67, 'Mrs.', 'Tempora impedit consequuntur excepturi. Voluptatem quisquam animi fugit neque. Voluptas vero voluptatem et eos fugiat earum.', '2018-03-03 08:40:32', '2018-03-03 08:40:32', 18),
(68, 'Prof.', 'Hic ad dolores molestiae aut voluptates voluptatem. Ut blanditiis ut labore nisi consequatur. Enim dolor iste placeat dolorem.', '2018-03-03 08:40:32', '2018-03-03 08:40:32', 33),
(69, 'Prof.', 'Sapiente dolores sunt delectus. Quisquam sit rerum ratione error. Et et sint sed qui.', '2018-03-03 08:40:32', '2018-03-03 08:40:32', 6),
(70, 'Ms.', 'Nulla sed itaque sunt aut. Nostrum laudantium et expedita totam vero nihil ut.', '2018-03-03 08:40:32', '2018-03-03 08:40:32', 16),
(71, 'Mrs.', 'Mollitia similique suscipit dignissimos sit qui. Enim et et officiis harum quae omnis. Eos quasi omnis sunt neque. Voluptas quia est nam.', '2018-03-03 08:40:32', '2018-03-03 08:40:32', 37),
(72, 'Dr.', 'Alias qui vel est eius nihil perspiciatis sequi. Consectetur odio voluptatem reprehenderit necessitatibus voluptatem. In repellat porro officiis quibusdam esse vitae voluptas.', '2018-03-03 08:40:32', '2018-03-03 08:40:32', 29),
(73, 'Prof.', 'Harum sed ut accusantium molestiae. Exercitationem et officia ex. Vel est amet exercitationem optio sunt non non earum. Et fuga sit sit accusamus illo fugit libero.', '2018-03-03 08:40:32', '2018-03-03 08:40:32', 7),
(74, 'Mr.', 'Sunt quae occaecati nihil totam est ea. Rerum reprehenderit voluptas expedita quisquam sequi ut incidunt. Consequatur delectus in voluptatem eos consequatur.', '2018-03-03 08:40:33', '2018-03-03 08:40:33', 23),
(75, 'Prof.', 'Sed a quam nisi quos quia et. Et dolorem magnam quia dolore velit quas. Voluptatem veritatis magni possimus amet. Ut eius numquam distinctio vitae iusto voluptates quia.', '2018-03-03 08:40:33', '2018-03-03 08:40:33', 35),
(76, 'Mr.', 'Rerum minima accusantium et aut consequatur. Ullam facere molestiae accusantium libero ut qui ratione. Eius mollitia est atque beatae. Dolores cum velit alias ratione.', '2018-03-03 08:40:33', '2018-03-03 08:40:33', 1),
(77, 'Miss', 'Occaecati officiis repellendus quasi officia facere alias. Esse quisquam officiis possimus ab quis. Voluptas doloremque aut et sit.', '2018-03-03 08:40:33', '2018-03-03 08:40:33', 38),
(78, 'Mr.', 'Necessitatibus quis et sed et quod. Accusantium cum beatae animi non et aperiam minus expedita. Excepturi aut quod magnam. Culpa et quis facilis voluptatibus sit sunt.', '2018-03-03 08:40:33', '2018-03-03 08:40:33', 21),
(79, 'Mrs.', 'Necessitatibus quas quod voluptates vitae suscipit. Molestiae similique optio et omnis. Commodi sequi dolorem iste sed.', '2018-03-03 08:40:33', '2018-03-03 08:40:33', 15),
(80, 'Ms.', 'Nobis excepturi repellat officiis quam quia. Commodi qui dolores fuga doloremque similique et. Nostrum excepturi maxime illum neque veniam nisi sunt.', '2018-03-03 08:40:33', '2018-03-03 08:40:33', 37),
(81, 'Dr.', 'Aut iste repellat aut debitis nihil doloremque aperiam. Assumenda voluptatem et placeat a. Cumque natus id ullam fugit eum. Tenetur ullam veritatis nobis quidem ut nemo.', '2018-03-03 08:40:33', '2018-03-03 08:40:33', 16),
(82, 'Dr.', 'Incidunt qui maiores ipsum. Eum sint doloremque sed sequi quidem reiciendis. Repellendus cupiditate neque explicabo distinctio corporis.', '2018-03-03 08:40:33', '2018-03-03 08:40:33', 38),
(83, 'Dr.', 'Totam praesentium rerum in voluptate. Error qui omnis praesentium quas. Unde quo dignissimos earum exercitationem sit rerum.', '2018-03-03 08:40:33', '2018-03-03 08:40:33', 16),
(84, 'Miss', 'Et enim magni est neque ducimus ab et distinctio. Maiores quasi possimus sed totam odio. Aliquam eum asperiores quo iusto. Blanditiis et omnis rem et tenetur doloremque consequatur.', '2018-03-03 08:40:33', '2018-03-03 08:40:33', 7),
(85, 'Dr.', 'Aut quisquam in et cum voluptatem aut quam. Iusto ea dolorem expedita iste assumenda autem. Quis facilis qui corporis qui qui exercitationem labore magni. Molestiae beatae sed nesciunt.', '2018-03-03 08:40:33', '2018-03-03 08:40:33', 21),
(86, 'Miss', 'Voluptate vero voluptatem dolorem consectetur quia. Quasi quasi velit quo similique deserunt. Qui ratione dolores ut sunt ex et.', '2018-03-03 08:40:33', '2018-03-03 08:40:33', 10),
(87, 'Prof.', 'Odit corporis quia recusandae soluta tempore. A reiciendis aliquid ut. Aliquam neque illo ad asperiores culpa accusantium. Ipsam deserunt in corporis repudiandae excepturi error eos.', '2018-03-03 08:40:33', '2018-03-03 08:40:33', 21),
(88, 'Miss', 'Ut debitis ratione assumenda voluptates vel consequatur dolores. Molestias nisi non consequatur vero est. Est voluptatem pariatur debitis voluptate sit id veniam.', '2018-03-03 08:40:33', '2018-03-03 08:40:33', 3),
(89, 'Dr.', 'Sunt dolorum quisquam sint exercitationem voluptatem cupiditate qui. Laudantium est ex temporibus pariatur autem numquam.', '2018-03-03 08:40:33', '2018-03-03 08:40:33', 12),
(90, 'Prof.', 'Neque beatae magnam soluta ut dolores reiciendis et. Dolor sint iste facere illo odit minus nulla. Dolor non pariatur reiciendis earum dolor. Cum amet est facilis perspiciatis optio ut.', '2018-03-03 08:40:33', '2018-03-03 08:40:33', 4),
(91, 'Prof.', 'Quia sed nihil et. Ut nobis velit id ut quis quod deserunt. Quo nisi recusandae dolor id omnis commodi.', '2018-03-03 08:40:33', '2018-03-03 08:40:33', 11),
(92, 'Dr.', 'Placeat veniam sed aut suscipit. Harum sit voluptatem vitae est velit et. Porro nostrum ut sapiente autem iste. Doloribus repudiandae ad laborum sunt in.', '2018-03-03 08:40:33', '2018-03-03 08:40:33', 39),
(93, 'Mr.', 'Sint ut nostrum tempore et. Tempore amet dolorum corrupti quia. Quasi et maxime ullam ipsam praesentium. Sit suscipit quos id enim laudantium.', '2018-03-03 08:40:33', '2018-03-03 08:40:33', 9),
(94, 'Prof.', 'Omnis et totam sit quas. Soluta facilis ea quidem aut non voluptatem suscipit. Illum voluptatibus est impedit officia eum excepturi. Est consequatur eligendi harum vitae magnam commodi voluptatem.', '2018-03-03 08:40:33', '2018-03-03 08:40:33', 40),
(95, 'Miss', 'Sit delectus nihil harum ea. Numquam delectus atque excepturi laudantium ad ad optio. Animi quam dolor eligendi est rerum. Doloribus iure optio enim et omnis voluptatem.', '2018-03-03 08:40:33', '2018-03-03 08:40:33', 27),
(96, 'Mrs.', 'Voluptas sint sequi numquam earum. Enim officia tenetur consequatur est tenetur unde. Eligendi nemo perspiciatis saepe tempora id voluptatem. Aut mollitia nulla omnis culpa at.', '2018-03-03 08:40:33', '2018-03-03 08:40:33', 40),
(97, 'Dr.', 'Vitae temporibus itaque ex tempora. Nostrum debitis velit sint veritatis necessitatibus ea. Explicabo sit dolorem sed voluptas. Earum consequatur vitae atque vitae et et saepe aut.', '2018-03-03 08:40:33', '2018-03-03 08:40:33', 8),
(98, 'Prof.', 'Sit rem praesentium vitae sed consectetur laudantium illo. A et quas assumenda enim alias. Accusamus et ut molestiae.', '2018-03-03 08:40:33', '2018-03-03 08:40:33', 18),
(99, 'Mr.', 'Aperiam rem occaecati enim ea alias occaecati. Consequuntur provident consequatur sapiente et neque. Qui id est at.', '2018-03-03 08:40:33', '2018-03-03 08:40:33', 39),
(100, 'Mrs.', 'Laudantium qui quae facere aut repudiandae. Sit in architecto veritatis dolor enim.', '2018-03-03 08:40:33', '2018-03-03 08:40:33', 26),
(101, 'Jeux Olympique hiver 2018 kore du sud', 'Jeux Olympique hiver 2018 kore du sud Jeux Olympique hiver 2018 kore du sud', '2018-03-14 23:10:44', '2018-03-14 23:10:44', 42),
(102, 'Lorem ipsum', 'Hello, je suis Coulibaly Tiorna, développeur back-end et front-end. je fais mes début en laravel framework!', '2018-03-14 23:24:05', '2018-03-14 23:24:05', 42),
(103, 'Lorem ipsum', 'Hello, je suis Coulibaly Tiorna, développeur back-end et front-end. je fais mes début en laravel framework!', '2018-03-14 23:25:23', '2018-03-14 23:25:23', 42),
(104, 'Lorem ipsum', 'Hello, je suis Coulibaly Tiorna, développeur back-end et front-end. je fais mes début en laravel framework!', '2018-03-14 23:25:57', '2018-03-14 23:25:57', 42),
(105, 'Jeux Olympique hiver 2018 kore du sud', 'articles.index', '2018-03-14 23:28:25', '2018-03-14 23:28:25', 42),
(106, 'Jeux Olympique hiver 2018 kore du sud', 'articles.index', '2018-03-14 23:28:51', '2018-03-14 23:28:51', 42),
(107, 'Premier article avec tags', 'Hello, je pense que ça devrait fonctionner maintenant', '2018-03-14 23:34:24', '2018-03-14 23:34:24', 42),
(108, 'Mon deuxieme article publier', 'Hello, je suis un développeur web, je fais mes début en laravel', '2018-03-14 23:36:06', '2018-03-14 23:36:06', 42),
(109, 'Mon deuxieme article publier', 'Hello world, qui est là?', '2018-03-14 23:38:50', '2018-03-14 23:38:50', 42),
(110, 'Mon deuxieme article publier', 'Hello world, qui est là?', '2018-03-14 23:40:26', '2018-03-14 23:40:26', 42),
(111, 'Hello world', 'Hello, je suis Coulibaly Tiorna. Déveloopeur laravel et angular js', '2018-03-14 23:54:24', '2018-03-14 23:54:24', 42),
(112, 'Teste create model', 'articles  index', '2018-03-15 00:01:14', '2018-03-15 00:01:14', 42),
(113, 'Teste create model', 'articles  index', '2018-03-15 00:02:32', '2018-03-15 00:02:32', 42),
(114, 'Jeux Olympique hiver 2018 kore du sud', 'Une fois encore je reviens tester mon code!', '2018-03-15 22:03:25', '2018-03-15 22:03:25', 42),
(115, 'Jeux Olympique hiver 2018 kore du sud', 'Jeux Olympique hiver 2018  Jeux Olympique hiver 2018  Jeux Olympique hiver 2018  Jeux Olympique hiver 2018', '2018-03-28 21:28:56', '2018-03-28 21:28:56', 42),
(116, 'Jeux Olympique hiver 2018 kore du sud', 'Hello, je veux juste tester mon code de contrôle de formulaire. Histoire de voir s\'il marche', '2018-03-28 22:25:24', '2018-03-28 22:25:24', 42),
(117, 'Jeux Olympique hiver 2015 Abidjan', 'Hello, les jeux olympique s\'organiserons a Abidjan en 2015', '2018-03-28 22:28:03', '2018-03-28 22:28:03', 42),
(118, 'Mon troisième article publier au Plateau', 'Hello, il est 22h 28 min ici, je suis assis entrain de lutter avec le someil histoire de prendre un peu d\'experience sur du laravel', '2018-03-28 22:29:34', '2018-03-29 21:10:52', 42),
(119, 'Premier article de Nadjaman Ouattara', 'hello, quand le user mes ses infos (email/password) tu fait une requette pour verifié qu\'il existe dans ta base de donné, si oui, tu selection ses infos pour garder dans une variable de session puis tu le rédirige sur la page, sinon tu lui affiche un message pour dir qu\'il \'est pas inscrit/ou qu\'il c\'est trompé d\'infos', '2018-03-29 21:03:47', '2018-03-29 21:03:47', 43);

-- --------------------------------------------------------

--
-- Structure de la table `article_tag`
--

DROP TABLE IF EXISTS `article_tag`;
CREATE TABLE IF NOT EXISTS `article_tag` (
  `id` int(10) UNSIGNED NOT NULL AUTO_INCREMENT,
  `created_at` timestamp NULL DEFAULT NULL,
  `updated_at` timestamp NULL DEFAULT NULL,
  `tag_id` int(10) UNSIGNED NOT NULL,
  `article_id` int(10) UNSIGNED NOT NULL,
  PRIMARY KEY (`id`),
  KEY `tag_article_tag_id_foreign` (`tag_id`),
  KEY `tag_article_article_id_foreign` (`article_id`)
) ENGINE=MyISAM AUTO_INCREMENT=206 DEFAULT CHARSET=utf8mb4 COLLATE=utf8mb4_unicode_ci;

--
-- Déchargement des données de la table `article_tag`
--

INSERT INTO `article_tag` (`id`, `created_at`, `updated_at`, `tag_id`, `article_id`) VALUES
(1, NULL, NULL, 1, 48),
(2, NULL, NULL, 1, 92),
(3, NULL, NULL, 1, 38),
(4, NULL, NULL, 1, 68),
(5, NULL, NULL, 2, 12),
(6, NULL, NULL, 2, 90),
(7, NULL, NULL, 2, 4),
(8, NULL, NULL, 2, 31),
(9, NULL, NULL, 2, 97),
(10, NULL, NULL, 2, 70),
(11, NULL, NULL, 2, 8),
(12, NULL, NULL, 3, 2),
(13, NULL, NULL, 3, 41),
(14, NULL, NULL, 3, 59),
(15, NULL, NULL, 3, 52),
(16, NULL, NULL, 4, 26),
(17, NULL, NULL, 4, 13),
(18, NULL, NULL, 4, 66),
(19, NULL, NULL, 4, 91),
(20, NULL, NULL, 4, 90),
(21, NULL, NULL, 4, 96),
(22, NULL, NULL, 5, 21),
(23, NULL, NULL, 5, 76),
(24, NULL, NULL, 5, 45),
(25, NULL, NULL, 5, 13),
(26, NULL, NULL, 5, 63),
(27, NULL, NULL, 5, 79),
(28, NULL, NULL, 5, 30),
(29, NULL, NULL, 5, 91),
(30, NULL, NULL, 6, 90),
(31, NULL, NULL, 6, 31),
(32, NULL, NULL, 6, 10),
(33, NULL, NULL, 7, 8),
(34, NULL, NULL, 7, 100),
(35, NULL, NULL, 8, 32),
(36, NULL, NULL, 8, 99),
(37, NULL, NULL, 8, 43),
(38, NULL, NULL, 8, 80),
(39, NULL, NULL, 8, 7),
(40, NULL, NULL, 9, 12),
(41, NULL, NULL, 9, 60),
(42, NULL, NULL, 9, 62),
(43, NULL, NULL, 9, 43),
(44, NULL, NULL, 9, 90),
(45, NULL, NULL, 9, 62),
(46, NULL, NULL, 9, 98),
(47, NULL, NULL, 9, 6),
(48, NULL, NULL, 10, 4),
(49, NULL, NULL, 10, 82),
(50, NULL, NULL, 10, 58),
(51, NULL, NULL, 10, 64),
(52, NULL, NULL, 11, 42),
(53, NULL, NULL, 11, 98),
(54, NULL, NULL, 11, 98),
(55, NULL, NULL, 12, 39),
(56, NULL, NULL, 12, 68),
(57, NULL, NULL, 12, 47),
(58, NULL, NULL, 12, 65),
(59, NULL, NULL, 12, 11),
(60, NULL, NULL, 13, 17),
(61, NULL, NULL, 13, 96),
(62, NULL, NULL, 14, 51),
(63, NULL, NULL, 14, 98),
(64, NULL, NULL, 14, 37),
(65, NULL, NULL, 14, 13),
(66, NULL, NULL, 14, 35),
(67, NULL, NULL, 14, 66),
(68, NULL, NULL, 14, 45),
(69, NULL, NULL, 14, 6),
(70, NULL, NULL, 15, 89),
(71, NULL, NULL, 15, 3),
(72, NULL, NULL, 15, 46),
(73, NULL, NULL, 15, 35),
(74, NULL, NULL, 15, 56),
(75, NULL, NULL, 15, 83),
(76, NULL, NULL, 16, 68),
(77, NULL, NULL, 16, 91),
(78, NULL, NULL, 16, 27),
(79, NULL, NULL, 17, 32),
(80, NULL, NULL, 17, 41),
(81, NULL, NULL, 17, 51),
(82, NULL, NULL, 17, 35),
(83, NULL, NULL, 17, 12),
(84, NULL, NULL, 17, 80),
(85, NULL, NULL, 17, 56),
(86, NULL, NULL, 18, 70),
(87, NULL, NULL, 18, 32),
(88, NULL, NULL, 18, 4),
(89, NULL, NULL, 19, 1),
(90, NULL, NULL, 19, 47),
(91, NULL, NULL, 19, 66),
(92, NULL, NULL, 19, 90),
(93, NULL, NULL, 19, 54),
(94, NULL, NULL, 20, 44),
(95, NULL, NULL, 20, 11),
(96, NULL, NULL, 20, 88),
(97, NULL, NULL, 20, 22),
(98, NULL, NULL, 20, 2),
(99, NULL, NULL, 21, 88),
(100, NULL, NULL, 21, 100),
(101, NULL, NULL, 21, 98),
(102, NULL, NULL, 21, 67),
(103, NULL, NULL, 21, 32),
(104, NULL, NULL, 22, 33),
(105, NULL, NULL, 22, 63),
(106, NULL, NULL, 22, 66),
(107, NULL, NULL, 22, 67),
(108, NULL, NULL, 22, 11),
(109, NULL, NULL, 22, 50),
(110, NULL, NULL, 23, 83),
(111, NULL, NULL, 23, 49),
(112, NULL, NULL, 23, 9),
(113, NULL, NULL, 23, 88),
(114, NULL, NULL, 23, 82),
(115, NULL, NULL, 24, 82),
(116, NULL, NULL, 24, 82),
(117, NULL, NULL, 24, 8),
(118, NULL, NULL, 25, 9),
(119, NULL, NULL, 25, 27),
(120, NULL, NULL, 25, 69),
(121, NULL, NULL, 25, 97),
(122, NULL, NULL, 25, 86),
(123, NULL, NULL, 25, 15),
(124, NULL, NULL, 26, 18),
(125, NULL, NULL, 26, 66),
(126, NULL, NULL, 27, 63),
(127, NULL, NULL, 27, 12),
(128, NULL, NULL, 27, 39),
(129, NULL, NULL, 27, 41),
(130, NULL, NULL, 27, 19),
(131, NULL, NULL, 27, 100),
(132, NULL, NULL, 27, 81),
(133, NULL, NULL, 28, 97),
(134, NULL, NULL, 28, 72),
(135, NULL, NULL, 28, 90),
(136, NULL, NULL, 28, 5),
(137, NULL, NULL, 28, 33),
(138, NULL, NULL, 28, 52),
(139, NULL, NULL, 28, 50),
(140, NULL, NULL, 28, 87),
(141, NULL, NULL, 29, 23),
(142, NULL, NULL, 29, 94),
(143, NULL, NULL, 29, 68),
(144, NULL, NULL, 29, 57),
(145, NULL, NULL, 29, 63),
(146, NULL, NULL, 30, 27),
(147, NULL, NULL, 30, 83),
(148, NULL, NULL, 30, 57),
(149, NULL, NULL, 31, 17),
(150, NULL, NULL, 31, 78),
(151, NULL, NULL, 31, 21),
(152, NULL, NULL, 31, 16),
(153, NULL, NULL, 31, 42),
(154, NULL, NULL, 32, 83),
(155, NULL, NULL, 32, 39),
(156, NULL, NULL, 32, 52),
(157, NULL, NULL, 32, 74),
(158, NULL, NULL, 32, 54),
(159, NULL, NULL, 33, 27),
(160, NULL, NULL, 33, 88),
(161, NULL, NULL, 33, 79),
(162, NULL, NULL, 33, 63),
(163, NULL, NULL, 33, 56),
(164, NULL, NULL, 33, 51),
(165, NULL, NULL, 34, 47),
(166, NULL, NULL, 34, 41),
(167, NULL, NULL, 34, 7),
(168, NULL, NULL, 34, 16),
(169, NULL, NULL, 34, 43),
(170, NULL, NULL, 34, 40),
(171, NULL, NULL, 34, 40),
(172, NULL, NULL, 35, 84),
(173, NULL, NULL, 35, 72),
(174, NULL, NULL, 35, 90),
(175, NULL, NULL, 36, 24),
(176, NULL, NULL, 36, 31),
(177, NULL, NULL, 36, 76),
(178, NULL, NULL, 36, 86),
(179, NULL, NULL, 36, 45),
(180, NULL, NULL, 36, 53),
(181, NULL, NULL, 37, 33),
(182, NULL, NULL, 37, 55),
(183, NULL, NULL, 38, 60),
(184, NULL, NULL, 38, 59),
(185, NULL, NULL, 39, 44),
(186, NULL, NULL, 39, 91),
(187, NULL, NULL, 39, 57),
(188, NULL, NULL, 39, 72),
(189, NULL, NULL, 40, 27),
(190, NULL, NULL, 40, 73),
(191, NULL, NULL, 41, 110),
(192, NULL, NULL, 42, 111),
(193, NULL, NULL, 43, 111),
(194, NULL, NULL, 44, 111),
(195, NULL, NULL, 45, 112),
(196, NULL, NULL, 45, 113),
(197, NULL, NULL, 46, 114),
(198, NULL, NULL, 46, 115),
(199, NULL, NULL, 41, 116),
(200, NULL, NULL, 42, 116),
(201, NULL, NULL, 46, 117),
(202, NULL, NULL, 46, 118),
(203, NULL, NULL, 42, 118),
(204, NULL, NULL, 42, 119),
(205, NULL, NULL, 47, 119);

-- --------------------------------------------------------

--
-- Structure de la table `commentaires`
--

DROP TABLE IF EXISTS `commentaires`;
CREATE TABLE IF NOT EXISTS `commentaires` (
  `id` int(10) UNSIGNED NOT NULL AUTO_INCREMENT,
  `contenu` text COLLATE utf8mb4_unicode_ci NOT NULL,
  `created_at` timestamp NULL DEFAULT NULL,
  `updated_at` timestamp NULL DEFAULT NULL,
  `user_id` int(10) UNSIGNED NOT NULL,
  `article_id` int(10) UNSIGNED NOT NULL,
  PRIMARY KEY (`id`),
  KEY `commentaires_user_id_foreign` (`user_id`),
  KEY `commentaires_article_id_foreign` (`article_id`)
) ENGINE=MyISAM AUTO_INCREMENT=110 DEFAULT CHARSET=utf8mb4 COLLATE=utf8mb4_unicode_ci;

--
-- Déchargement des données de la table `commentaires`
--

INSERT INTO `commentaires` (`id`, `contenu`, `created_at`, `updated_at`, `user_id`, `article_id`) VALUES
(1, 'Ipsam enim nemo quod ipsa. Suscipit impedit rerum nobis sunt non.', '2018-03-03 08:40:33', '2018-03-03 08:40:33', 7, 92),
(2, 'Voluptatem eum veritatis dolore alias adipisci. Ea sint excepturi nihil nihil deleniti unde dolore.', '2018-03-03 08:40:33', '2018-03-03 08:40:33', 30, 34),
(3, 'Molestias reprehenderit iure quia qui. Voluptate iure ut quis ea.', '2018-03-03 08:40:33', '2018-03-03 08:40:33', 10, 94),
(4, 'Et at quia omnis qui eum. Quas tenetur repellendus aut consequatur. Iure nemo explicabo quas.', '2018-03-03 08:40:33', '2018-03-03 08:40:33', 23, 63),
(5, 'Deserunt ducimus rem id tenetur. Placeat eum non fugit ut dolor. Enim dolorem ullam et nihil sed.', '2018-03-03 08:40:33', '2018-03-03 08:40:33', 8, 73),
(6, 'Fugit quasi esse aliquid. Dolorem quas porro ducimus. Aut necessitatibus aliquid recusandae rerum.', '2018-03-03 08:40:33', '2018-03-03 08:40:33', 12, 67),
(7, 'Amet tenetur est ab. Alias incidunt tempora sunt.', '2018-03-03 08:40:33', '2018-03-03 08:40:33', 14, 3),
(8, 'Est vel soluta et natus. Eaque eos culpa illo. Aut id veniam aut in.', '2018-03-03 08:40:33', '2018-03-03 08:40:33', 5, 23),
(9, 'A sit neque provident tempore excepturi maiores temporibus. Debitis ea illo autem qui distinctio.', '2018-03-03 08:40:33', '2018-03-03 08:40:33', 4, 59),
(10, 'Pariatur sunt neque nobis rerum eos. Ullam sed atque eaque quasi alias ex.', '2018-03-03 08:40:33', '2018-03-03 08:40:33', 30, 48),
(11, 'Illo cumque et sint qui culpa neque rerum. Assumenda aspernatur aperiam corporis possimus aut.', '2018-03-03 08:40:33', '2018-03-03 08:40:33', 31, 66),
(12, 'Vero quod et quasi asperiores. Nihil et sunt ut beatae.', '2018-03-03 08:40:33', '2018-03-03 08:40:33', 21, 91),
(13, 'Nobis sit voluptatem reprehenderit nam velit eveniet enim. Velit distinctio sed deleniti sit.', '2018-03-03 08:40:33', '2018-03-03 08:40:33', 24, 74),
(14, 'Maxime excepturi autem molestiae dolorem sed. Voluptas quis harum et non rem.', '2018-03-03 08:40:33', '2018-03-03 08:40:33', 19, 86),
(15, 'Quia explicabo nisi quis. Vitae officia sint adipisci. Qui voluptates fugit sunt aut fugit.', '2018-03-03 08:40:33', '2018-03-03 08:40:33', 35, 85),
(16, 'Quo laboriosam provident est quos minima. Voluptatum vel vel ab molestiae.', '2018-03-03 08:40:33', '2018-03-03 08:40:33', 34, 27),
(17, 'Enim quam molestiae qui. A est nesciunt modi. Ipsa aut voluptas deleniti aut mollitia autem.', '2018-03-03 08:40:33', '2018-03-03 08:40:33', 19, 2),
(18, 'Molestias quis debitis et. Autem nobis doloribus iste sint dolorum qui. Totam rerum est minima.', '2018-03-03 08:40:33', '2018-03-03 08:40:33', 2, 41),
(19, 'Unde aut aliquid rem nihil labore. Eveniet commodi et culpa est. Quia qui saepe minus et.', '2018-03-03 08:40:33', '2018-03-03 08:40:33', 36, 58),
(20, 'Sed qui suscipit repudiandae quasi itaque. Dolorum optio fugiat ut enim.', '2018-03-03 08:40:33', '2018-03-03 08:40:33', 14, 25),
(21, 'Eius provident at ut quos omnis. Quos sed iure perferendis in labore autem.', '2018-03-03 08:40:33', '2018-03-03 08:40:33', 23, 33),
(22, 'Sunt laborum repudiandae quidem unde sunt sunt non. Praesentium eligendi id eveniet.', '2018-03-03 08:40:33', '2018-03-03 08:40:33', 7, 14),
(23, 'Id eos inventore id at non nobis rerum. Ipsum omnis placeat eum.', '2018-03-03 08:40:33', '2018-03-03 08:40:33', 34, 48),
(24, 'Nisi eius iure tenetur quidem a. Voluptas sint dolor eveniet debitis.', '2018-03-03 08:40:33', '2018-03-03 08:40:33', 12, 22),
(25, 'Voluptate sed dolorum vel est. Ducimus animi non nihil sunt. Ipsum quia quia mollitia dignissimos.', '2018-03-03 08:40:33', '2018-03-03 08:40:33', 9, 37),
(26, 'Sunt accusantium qui et a. Ut dolor nihil beatae culpa.', '2018-03-03 08:40:33', '2018-03-03 08:40:33', 28, 94),
(27, 'Incidunt ipsam excepturi quam. Optio tempore possimus enim dolorum et atque qui.', '2018-03-03 08:40:33', '2018-03-03 08:40:33', 8, 44),
(28, 'Ipsum quo nihil aut. Et et voluptatibus ut qui vel voluptatem.', '2018-03-03 08:40:33', '2018-03-03 08:40:33', 39, 67),
(29, 'Sunt et repellat laborum qui. Iste sint est est provident nihil.', '2018-03-03 08:40:33', '2018-03-03 08:40:33', 1, 94),
(30, 'Rerum id totam iure voluptatem. Quod magnam quas dolores sit eum dolores aut.', '2018-03-03 08:40:33', '2018-03-03 08:40:33', 25, 4),
(31, 'Quis ea cupiditate dolores reiciendis. Tempore ut deserunt nulla tempore vitae.', '2018-03-03 08:40:33', '2018-03-03 08:40:33', 32, 27),
(32, 'Cumque dolorum veritatis quo esse. Delectus quo incidunt magnam explicabo. Quia et id eaque.', '2018-03-03 08:40:33', '2018-03-03 08:40:33', 9, 72),
(33, 'Unde error nam accusamus id sed et et. In eum nisi alias magni velit esse.', '2018-03-03 08:40:33', '2018-03-03 08:40:33', 1, 34),
(34, 'Possimus odit porro inventore quidem. Fugiat modi mollitia est odit quia ullam dolor ipsam.', '2018-03-03 08:40:33', '2018-03-03 08:40:33', 5, 100),
(35, 'Et nobis modi corporis autem. Non recusandae eligendi sint. Aspernatur deserunt mollitia qui sit.', '2018-03-03 08:40:33', '2018-03-03 08:40:33', 19, 80),
(36, 'Quibusdam qui libero adipisci temporibus harum. In natus itaque porro.', '2018-03-03 08:40:33', '2018-03-03 08:40:33', 12, 8),
(37, 'Vero quaerat ut quia delectus. Dicta dicta ut perspiciatis non.', '2018-03-03 08:40:33', '2018-03-03 08:40:33', 35, 90),
(38, 'Cum et quam est eos. Dolor corrupti fugit quas velit at. Possimus voluptatem sapiente in et.', '2018-03-03 08:40:33', '2018-03-03 08:40:33', 23, 90),
(39, 'Et quidem repellendus iure nam ut. At sit eum aut. Et aliquam nisi non autem atque dicta qui.', '2018-03-03 08:40:33', '2018-03-03 08:40:33', 36, 11),
(40, 'Sit aut suscipit porro. Dolores impedit nobis qui.', '2018-03-03 08:40:33', '2018-03-03 08:40:33', 1, 4),
(41, 'Odio et maiores et totam. Sed totam hic fugit natus in. Laboriosam qui magni nostrum ea maxime qui.', '2018-03-03 08:40:33', '2018-03-03 08:40:33', 11, 25),
(42, 'Non magnam corporis rem. Fugit nemo odio magni neque reprehenderit.', '2018-03-03 08:40:33', '2018-03-03 08:40:33', 26, 26),
(43, 'Deleniti enim eum libero. Et nobis blanditiis fuga et. Qui dolores nostrum suscipit eaque minima.', '2018-03-03 08:40:33', '2018-03-03 08:40:33', 39, 62),
(44, 'Voluptate et quam omnis corrupti ut quisquam. Nihil sed hic qui illum cumque necessitatibus totam.', '2018-03-03 08:40:33', '2018-03-03 08:40:33', 12, 60),
(45, 'Eos et rerum est eum et ipsum. Nihil facilis et est provident magnam.', '2018-03-03 08:40:33', '2018-03-03 08:40:33', 24, 36),
(46, 'Tempore vitae sit totam ipsum. Autem quidem asperiores aut similique et quas.', '2018-03-03 08:40:33', '2018-03-03 08:40:33', 38, 76),
(47, 'Et dolor distinctio impedit aut harum esse excepturi. Consequuntur aut a molestiae aliquam.', '2018-03-03 08:40:33', '2018-03-03 08:40:33', 10, 37),
(48, 'Voluptatibus optio quia aut voluptatem ut vero. Minima accusamus nulla tempore dolorum quae.', '2018-03-03 08:40:33', '2018-03-03 08:40:33', 22, 17),
(49, 'Temporibus labore a nam facere tempora quia. Fugiat fugit itaque alias quia.', '2018-03-03 08:40:33', '2018-03-03 08:40:33', 22, 40),
(50, 'Velit harum rerum totam quod. Veniam quia et ea. Voluptatum ut qui velit maxime et fuga itaque.', '2018-03-03 08:40:33', '2018-03-03 08:40:33', 39, 22),
(51, 'Aut facere nisi eaque ea veniam dignissimos. Et sit in rem vel possimus est.', '2018-03-03 08:40:33', '2018-03-03 08:40:33', 36, 93),
(52, 'Sunt molestiae nihil ut quia ducimus. Sed ea eveniet aut odit ut. Voluptatem culpa maxime sed.', '2018-03-03 08:40:33', '2018-03-03 08:40:33', 22, 18),
(53, 'Autem cum perferendis alias. Itaque fugit est soluta voluptas. Delectus molestiae et ipsa vero.', '2018-03-03 08:40:33', '2018-03-03 08:40:33', 20, 14),
(54, 'Iste distinctio eos expedita animi natus. Animi itaque enim facere occaecati quidem repudiandae.', '2018-03-03 08:40:33', '2018-03-03 08:40:33', 2, 89),
(55, 'Culpa a vero iste dolor cum soluta sunt. Sunt rem explicabo et nihil iste.', '2018-03-03 08:40:33', '2018-03-03 08:40:33', 32, 58),
(56, 'Ipsa commodi sed fugit neque ipsam. Rerum qui enim provident sunt.', '2018-03-03 08:40:33', '2018-03-03 08:40:33', 18, 75),
(57, 'Dignissimos omnis qui inventore asperiores. Nihil autem facere aut quia vel et suscipit in.', '2018-03-03 08:40:33', '2018-03-03 08:40:33', 27, 25),
(58, 'Hic et quis deleniti nisi voluptatem tempore aspernatur. Rem voluptatem magnam officiis veniam.', '2018-03-03 08:40:33', '2018-03-03 08:40:33', 7, 64),
(59, 'Eaque minus et dolorem nesciunt est. Incidunt ex alias magni sit corrupti.', '2018-03-03 08:40:33', '2018-03-03 08:40:33', 29, 4),
(60, 'Consequatur cum dolorem et sed quis sapiente occaecati. Sed eius quia quibusdam architecto.', '2018-03-03 08:40:33', '2018-03-03 08:40:33', 24, 97),
(61, 'Aut omnis magnam culpa error commodi nisi qui. Reiciendis saepe autem aperiam eligendi ex sed.', '2018-03-03 08:40:33', '2018-03-03 08:40:33', 36, 25),
(62, 'Cupiditate odit hic pariatur optio laudantium sapiente. Fuga aut ex laboriosam qui eius eligendi.', '2018-03-03 08:40:33', '2018-03-03 08:40:33', 15, 51),
(63, 'Id occaecati sed ducimus. Enim cupiditate beatae a voluptates iure fugit est eum.', '2018-03-03 08:40:33', '2018-03-03 08:40:33', 5, 4),
(64, 'Officiis provident ut eligendi rem. Corporis rerum rerum enim quae. Aut accusantium dolor est.', '2018-03-03 08:40:33', '2018-03-03 08:40:33', 26, 8),
(65, 'Id ut labore suscipit nobis. In aut fugit est. Aut sint quasi accusantium odio eligendi rerum amet.', '2018-03-03 08:40:33', '2018-03-03 08:40:33', 17, 84),
(66, 'Dolorem error amet cum. Earum doloremque a et reprehenderit.', '2018-03-03 08:40:33', '2018-03-03 08:40:33', 37, 84),
(67, 'Omnis quis placeat esse eos eligendi nobis vel. A quae et sed vel saepe veritatis.', '2018-03-03 08:40:33', '2018-03-03 08:40:33', 35, 45),
(68, 'Consequatur nostrum modi ipsa natus pariatur. Quibusdam aspernatur tempora enim nulla.', '2018-03-03 08:40:33', '2018-03-03 08:40:33', 13, 65),
(69, 'Officiis delectus non et qui cupiditate explicabo. Et vel quae incidunt omnis.', '2018-03-03 08:40:33', '2018-03-03 08:40:33', 19, 48),
(70, 'Perferendis in sunt modi maxime qui labore placeat magni. Quia distinctio est qui eaque numquam.', '2018-03-03 08:40:33', '2018-03-03 08:40:33', 2, 82),
(71, 'Reprehenderit illo neque debitis et. Similique mollitia voluptatibus rerum voluptatem et.', '2018-03-03 08:40:33', '2018-03-03 08:40:33', 21, 29),
(72, 'Est porro consequuntur qui culpa commodi blanditiis rem. Voluptates dolor velit voluptatem velit.', '2018-03-03 08:40:33', '2018-03-03 08:40:33', 13, 60),
(73, 'Occaecati hic cum excepturi repellendus. Omnis cupiditate omnis voluptatem eligendi aliquid hic.', '2018-03-03 08:40:33', '2018-03-03 08:40:33', 28, 45),
(74, 'Assumenda accusantium qui rerum ut deserunt aperiam necessitatibus. Quia sint aut ut et.', '2018-03-03 08:40:33', '2018-03-03 08:40:33', 35, 24),
(75, 'Maiores possimus error eum dolore quibusdam qui. Tempore sed veritatis asperiores iusto.', '2018-03-03 08:40:33', '2018-03-03 08:40:33', 39, 7),
(76, 'Est omnis voluptate omnis maiores quo quos. Quam odit ut illum vel.', '2018-03-03 08:40:33', '2018-03-03 08:40:33', 34, 82),
(77, 'Illo in et quibusdam soluta. Sit facilis autem aspernatur voluptatem.', '2018-03-03 08:40:33', '2018-03-03 08:40:33', 37, 78),
(78, 'Dolor assumenda neque vel repellendus eos autem. Dolorem et modi vel aut.', '2018-03-03 08:40:33', '2018-03-03 08:40:33', 39, 22),
(79, 'Quia id maxime ut sint dolore voluptatem. Optio blanditiis neque voluptas doloribus.', '2018-03-03 08:40:33', '2018-03-03 08:40:33', 3, 13),
(80, 'Vitae laboriosam molestias laudantium eos fuga. Quia sint aut eligendi eum.', '2018-03-03 08:40:33', '2018-03-03 08:40:33', 18, 44),
(81, 'Quae sit cupiditate nemo saepe voluptatem et. Quia error voluptatum sed illum dolor.', '2018-03-03 08:40:33', '2018-03-03 08:40:33', 7, 39),
(82, 'Nesciunt neque odit enim earum. Qui fugit dicta odit labore voluptatem quos.', '2018-03-03 08:40:33', '2018-03-03 08:40:33', 7, 80),
(83, 'Explicabo et culpa doloremque soluta. Quos quia esse nesciunt ipsum.', '2018-03-03 08:40:33', '2018-03-03 08:40:33', 23, 57),
(84, 'Minima quae non ipsum. Harum sint dolorem nemo dolore.', '2018-03-03 08:40:33', '2018-03-03 08:40:33', 10, 12),
(85, 'Et repellat voluptas et. Et cupiditate amet vero quisquam.', '2018-03-03 08:40:33', '2018-03-03 08:40:33', 13, 94),
(86, 'Beatae sit et a ut fuga quod. Eveniet ut velit a sit minus tempore provident autem.', '2018-03-03 08:40:33', '2018-03-03 08:40:33', 5, 61),
(87, 'In laboriosam placeat est ut. Itaque occaecati atque unde.', '2018-03-03 08:40:33', '2018-03-03 08:40:33', 38, 79),
(88, 'Odit aut qui consequatur voluptas. Nam esse fuga aliquid nulla. Repellat in autem et tenetur.', '2018-03-03 08:40:33', '2018-03-03 08:40:33', 15, 97),
(89, 'Quam delectus blanditiis ut. Adipisci velit placeat corrupti est consequatur hic.', '2018-03-03 08:40:33', '2018-03-03 08:40:33', 22, 19),
(90, 'Occaecati nesciunt consequatur sed est. Nobis eveniet qui incidunt sed. Id laborum sed ratione aut.', '2018-03-03 08:40:33', '2018-03-03 08:40:33', 27, 89),
(91, 'Quia ut sit et et. Hic error dignissimos laudantium numquam voluptatem in.', '2018-03-03 08:40:33', '2018-03-03 08:40:33', 13, 83),
(92, 'Enim placeat aliquam commodi aliquid inventore itaque quod. Eaque qui nihil a.', '2018-03-03 08:40:33', '2018-03-03 08:40:33', 36, 98),
(93, 'Voluptatem sit est nisi et eos enim minima. Ut quia alias quis eligendi minima.', '2018-03-03 08:40:33', '2018-03-03 08:40:33', 22, 12),
(94, 'Atque qui excepturi rerum mollitia. Quidem rem dolores sint eos id labore perferendis.', '2018-03-03 08:40:33', '2018-03-03 08:40:33', 24, 81),
(95, 'Qui quia cumque officia. Et asperiores dolore sed earum. Non qui maiores unde repellendus odio at.', '2018-03-03 08:40:33', '2018-03-03 08:40:33', 29, 89),
(96, 'Tempore consequatur esse soluta repudiandae. Consequatur nihil quae saepe voluptas nihil sed eos.', '2018-03-03 08:40:33', '2018-03-03 08:40:33', 6, 90),
(97, 'Eius nam enim ipsa suscipit. Iste quidem delectus inventore perspiciatis cumque quia.', '2018-03-03 08:40:33', '2018-03-03 08:40:33', 7, 35),
(98, 'Et modi magnam repudiandae et aut ut. Qui et atque ut ea.', '2018-03-03 08:40:33', '2018-03-03 08:40:33', 2, 43),
(99, 'Qui itaque perferendis illum. Ipsum voluptas ullam quasi rerum tempora aut.', '2018-03-03 08:40:33', '2018-03-03 08:40:33', 25, 87),
(100, 'Nam enim quam ut enim corporis laudantium. Facilis nam distinctio qui et. Qui placeat vitae unde.', '2018-03-03 08:40:33', '2018-03-03 08:40:33', 38, 49),
(101, 'Hello, ici le premier commentaire de Tiorna Coulibaly', '2018-03-25 01:10:06', '2018-03-25 03:11:11', 42, 25),
(102, 'Hello, Moi perso, suis pas d\'accord avec ce que tu avances', '2018-04-01 11:00:10', '2018-04-01 11:00:10', 42, 90),
(103, 'De plus je dirai que c\'est juste une question d\'opinion!', '2018-04-01 11:02:04', '2018-04-01 11:02:04', 42, 90),
(104, 'Yo bro, courage à toi. Bosse dure et un jour ça iras! <3', '2018-04-01 11:07:13', '2018-04-01 11:07:13', 42, 118),
(105, 'Mais moi même j\'ai commencé laravel framework il y a deux mois', '2018-04-01 15:13:56', '2018-04-01 15:13:56', 42, 118),
(106, 'Toi tu es folle de moi, mais ton orgueil te faire barrière...', '2018-04-01 15:24:02', '2018-04-01 15:24:02', 42, 119),
(107, 'Hello, que penses tu de mon Blog?', '2018-04-01 16:51:51', '2018-04-01 16:51:51', 42, 112),
(108, 'Cool, on verras ça', '2018-04-01 23:05:52', '2018-04-01 23:05:52', 42, 101),
(109, 'Hello, je viens de découvrir la méthode except de $request!', '2018-04-02 00:17:30', '2018-04-02 00:17:30', 42, 119);

-- --------------------------------------------------------

--
-- Structure de la table `migrations`
--

DROP TABLE IF EXISTS `migrations`;
CREATE TABLE IF NOT EXISTS `migrations` (
  `id` int(10) UNSIGNED NOT NULL AUTO_INCREMENT,
  `migration` varchar(191) COLLATE utf8mb4_unicode_ci NOT NULL,
  `batch` int(11) NOT NULL,
  PRIMARY KEY (`id`)
) ENGINE=MyISAM AUTO_INCREMENT=4 DEFAULT CHARSET=utf8mb4 COLLATE=utf8mb4_unicode_ci;

--
-- Déchargement des données de la table `migrations`
--

INSERT INTO `migrations` (`id`, `migration`, `batch`) VALUES
(1, '2014_10_12_000000_create_users_table', 1),
(2, '2014_10_12_100000_create_password_resets_table', 1),
(3, '2018_03_03_004307_create_articles_table', 1);

-- --------------------------------------------------------

--
-- Structure de la table `password_resets`
--

DROP TABLE IF EXISTS `password_resets`;
CREATE TABLE IF NOT EXISTS `password_resets` (
  `email` varchar(191) COLLATE utf8mb4_unicode_ci NOT NULL,
  `token` varchar(191) COLLATE utf8mb4_unicode_ci NOT NULL,
  `created_at` timestamp NULL DEFAULT NULL,
  KEY `password_resets_email_index` (`email`)
) ENGINE=MyISAM DEFAULT CHARSET=utf8mb4 COLLATE=utf8mb4_unicode_ci;

-- --------------------------------------------------------

--
-- Structure de la table `reponses`
--

DROP TABLE IF EXISTS `reponses`;
CREATE TABLE IF NOT EXISTS `reponses` (
  `id` int(10) UNSIGNED NOT NULL AUTO_INCREMENT,
  `contenu` text COLLATE utf8mb4_unicode_ci NOT NULL,
  `created_at` timestamp NULL DEFAULT NULL,
  `updated_at` timestamp NULL DEFAULT NULL,
  `commentaire_id` int(10) UNSIGNED NOT NULL,
  `user_id` int(10) UNSIGNED NOT NULL,
  PRIMARY KEY (`id`),
  KEY `reponses_commentaire_id_foreign` (`commentaire_id`),
  KEY `reponses_user_id_foreign` (`user_id`)
) ENGINE=MyISAM AUTO_INCREMENT=115 DEFAULT CHARSET=utf8mb4 COLLATE=utf8mb4_unicode_ci;

--
-- Déchargement des données de la table `reponses`
--

INSERT INTO `reponses` (`id`, `contenu`, `created_at`, `updated_at`, `commentaire_id`, `user_id`) VALUES
(1, 'Ut odit illum illum alias qui quis quis. Beatae quia deserunt et. Adipisci consequatur ab voluptatem.', '2018-03-03 08:40:33', '2018-03-03 08:40:33', 65, 35),
(2, 'Similique expedita sunt nisi voluptatem. Quos quisquam nulla consequuntur dolorem. Illo dolores eius ipsum rerum. Mollitia necessitatibus voluptatem explicabo est.', '2018-03-03 08:40:33', '2018-03-03 08:40:33', 92, 19),
(3, 'Vero error expedita et dolor ipsum. Nisi perferendis facilis exercitationem nobis et ut. Voluptatem amet autem at aliquid doloribus quia. Ullam est soluta libero nihil.', '2018-03-03 08:40:33', '2018-03-03 08:40:33', 80, 10),
(4, 'Nobis blanditiis est incidunt rem fugiat. Ut dolores quas non labore esse illum quia voluptatum. Odit voluptas facilis accusamus recusandae. Accusantium occaecati praesentium aut non.', '2018-03-03 08:40:33', '2018-03-03 08:40:33', 25, 37),
(5, 'Sint nulla quasi repudiandae eveniet saepe earum doloribus. Dicta velit qui amet beatae. Aut numquam aliquid consequatur dolorum nemo.', '2018-03-03 08:40:33', '2018-03-03 08:40:33', 7, 38),
(6, 'Officia consequatur voluptates ad incidunt quidem nam non. Modi nisi labore et aut reiciendis saepe. Velit ut officia velit.', '2018-03-03 08:40:33', '2018-03-03 08:40:33', 100, 31),
(7, 'Et mollitia est velit est. Molestiae voluptatem molestiae neque nemo ea. Illum adipisci dolorem omnis rerum.', '2018-03-03 08:40:33', '2018-03-03 08:40:33', 61, 5),
(8, 'Exercitationem eveniet et deserunt ut quo id. Commodi est sed quia ad. Eaque earum ea praesentium. Blanditiis quibusdam veritatis rerum dignissimos ipsa in.', '2018-03-03 08:40:33', '2018-03-03 08:40:33', 10, 40),
(9, 'Sunt eos rem omnis quidem cum est. Consequuntur aliquam vero ex alias similique. Quibusdam optio illo earum id officiis est. Adipisci sit omnis aliquam in corporis quia.', '2018-03-03 08:40:33', '2018-03-03 08:40:33', 53, 14),
(10, 'Cumque nobis aut sed dolorem odio impedit et. Sit in vel commodi laborum minus sit architecto et.', '2018-03-03 08:40:33', '2018-03-03 08:40:33', 37, 9),
(11, 'Occaecati doloremque aut necessitatibus commodi. Quis ut laudantium atque sunt cupiditate. Sint animi est est omnis impedit eius cum quis.', '2018-03-03 08:40:33', '2018-03-03 08:40:33', 53, 38),
(12, 'Voluptas deserunt alias eligendi porro est eveniet. Et quibusdam eos natus quae. Animi ab provident atque. Dolores non non voluptatibus doloremque magni.', '2018-03-03 08:40:33', '2018-03-03 08:40:33', 95, 33),
(13, 'Natus omnis pariatur aliquid labore soluta doloremque itaque. Omnis ut impedit suscipit et velit perspiciatis quibusdam. Tempore eveniet ipsam laborum.', '2018-03-03 08:40:33', '2018-03-03 08:40:33', 44, 7),
(14, 'Quae dolorum deserunt eaque eum nisi dolorem sed. Modi perferendis laboriosam recusandae et delectus amet quod ut. Eius id omnis cumque sint. Error corporis iste saepe et molestias recusandae.', '2018-03-03 08:40:33', '2018-03-03 08:40:33', 16, 5),
(15, 'Excepturi facere ea qui repellendus tempore laboriosam ex. Et tempore qui sed hic dignissimos. Facere adipisci debitis perferendis quis et ea id rerum.', '2018-03-03 08:40:33', '2018-03-03 08:40:33', 5, 23),
(16, 'Inventore iste unde doloremque vitae veritatis autem. Et rerum earum qui eius numquam. Possimus voluptatum autem blanditiis ut id ullam natus. Sapiente dolor molestiae adipisci eum iure officia qui.', '2018-03-03 08:40:33', '2018-03-03 08:40:33', 44, 28),
(17, 'Vero ut ut eius eos et non hic. Labore et est consequuntur sit. Porro eveniet rerum eos optio accusamus. Perferendis minima deserunt earum itaque repudiandae nihil ipsum.', '2018-03-03 08:40:33', '2018-03-03 08:40:33', 43, 1),
(18, 'Laboriosam odio ullam voluptatem assumenda rem libero. Nobis dolor beatae eum blanditiis consequuntur incidunt.', '2018-03-03 08:40:33', '2018-03-03 08:40:33', 18, 12),
(19, 'Praesentium voluptatibus temporibus qui odit commodi. Officia inventore a reprehenderit. Aut iste architecto rem eaque.', '2018-03-03 08:40:33', '2018-03-03 08:40:33', 8, 18),
(20, 'Omnis et qui maiores aut quo delectus. Eius nemo nostrum ullam nihil vel cupiditate sit. Quo voluptatem magni doloremque est ducimus necessitatibus.', '2018-03-03 08:40:33', '2018-03-03 08:40:33', 32, 40),
(21, 'Voluptatem autem illum omnis dolore facilis voluptas et. Corrupti impedit architecto et harum doloribus. Unde architecto amet aliquam minima aut magni. Officiis est qui repellat ullam repudiandae.', '2018-03-03 08:40:33', '2018-03-03 08:40:33', 16, 32),
(22, 'Modi quia soluta cum laborum minima reiciendis. Nemo non omnis quia est dolor. Sequi non at accusamus.', '2018-03-03 08:40:33', '2018-03-03 08:40:33', 83, 40),
(23, 'Consequatur nesciunt aut necessitatibus ut vel voluptates. Distinctio molestias reprehenderit natus molestiae aliquid voluptatibus ad. Qui consequatur assumenda sint dolores magnam tempora.', '2018-03-03 08:40:33', '2018-03-03 08:40:33', 76, 4),
(24, 'Nihil at pariatur dolore minima facere exercitationem ut. In odio quos architecto a qui. Corrupti eos est nisi cum non laudantium assumenda.', '2018-03-03 08:40:33', '2018-03-03 08:40:33', 84, 6),
(25, 'Modi ex necessitatibus iste blanditiis consequatur itaque sed nihil. Odit odit iusto esse consequatur impedit itaque vel.', '2018-03-03 08:40:33', '2018-03-03 08:40:33', 12, 20),
(26, 'Qui id ducimus atque tempora. Aut amet error quis possimus placeat et. Voluptas asperiores qui rerum officia.', '2018-03-03 08:40:33', '2018-03-03 08:40:33', 1, 39),
(27, 'Et odit voluptatem deserunt. Tenetur laudantium nam est dolores eaque aut autem. Illum qui sed excepturi quod fugit eum dolorem. Dolore ut et consequatur quos blanditiis.', '2018-03-03 08:40:33', '2018-03-03 08:40:33', 92, 36),
(28, 'Quia quaerat id beatae consequuntur nesciunt officiis est repellendus. Suscipit nemo quos velit.', '2018-03-03 08:40:33', '2018-03-03 08:40:33', 38, 4),
(29, 'Ut reprehenderit minus nihil architecto aliquam qui maxime. Aspernatur aut delectus corrupti voluptatem sunt. Assumenda voluptas ut aliquam pariatur eum quas earum.', '2018-03-03 08:40:33', '2018-03-03 08:40:33', 49, 25),
(30, 'Dolore quo dolores dolorum doloremque perferendis. Esse et eaque neque ut. Fugiat doloremque modi numquam unde nemo voluptas. Soluta eaque iure nesciunt dicta cum repudiandae nemo.', '2018-03-03 08:40:33', '2018-03-03 08:40:33', 5, 23),
(31, 'Amet atque accusantium expedita et tenetur dolores et. Explicabo aliquid quia voluptates minus. Sunt nobis magni ut esse. Nisi esse non porro debitis alias qui nemo et.', '2018-03-03 08:40:33', '2018-03-03 08:40:33', 17, 40),
(32, 'Eius et alias qui et harum mollitia. Ut totam qui architecto rerum quo aut. Deserunt exercitationem dolores non fugiat. Asperiores eos officiis et qui aut.', '2018-03-03 08:40:33', '2018-03-03 08:40:33', 10, 26),
(33, 'Vel autem qui nesciunt eos et. Porro soluta ad aut nisi est. Quia qui fugiat quas maiores.', '2018-03-03 08:40:33', '2018-03-03 08:40:33', 37, 36),
(34, 'Voluptas deleniti tempore ut dolor similique sequi laboriosam. Dolore quo aliquid harum odit consequatur blanditiis. Numquam sit maxime pariatur omnis dignissimos.', '2018-03-03 08:40:33', '2018-03-03 08:40:33', 73, 36),
(35, 'Aperiam enim corporis officia eius ut hic. Nemo autem voluptate aut praesentium exercitationem quibusdam. Impedit necessitatibus dolorem culpa.', '2018-03-03 08:40:33', '2018-03-03 08:40:33', 77, 11),
(36, 'Et eligendi consequatur tempore. Quae nemo enim voluptatem numquam sit voluptate doloremque iusto. Modi magnam est ipsa odit cupiditate aut. In ratione nostrum libero.', '2018-03-03 08:40:33', '2018-03-03 08:40:33', 73, 19),
(37, 'Quia sed reprehenderit ut dignissimos et. Eligendi sit aut rerum doloremque. Non praesentium voluptatibus necessitatibus quas et temporibus numquam.', '2018-03-03 08:40:33', '2018-03-03 08:40:33', 71, 37),
(38, 'Consectetur eaque vero quis nam quis enim quisquam soluta. Veritatis quia ducimus debitis iure saepe corporis minus.', '2018-03-03 08:40:33', '2018-03-03 08:40:33', 62, 15),
(39, 'Dolorem temporibus id accusamus aliquam. Cupiditate quam in tempora reiciendis praesentium voluptatem aut. Voluptatem aperiam quae ullam quisquam laboriosam nisi.', '2018-03-03 08:40:33', '2018-03-03 08:40:33', 96, 15),
(40, 'Ut enim explicabo explicabo voluptates. In omnis est quia. Sapiente consequatur accusamus ut vel neque.', '2018-03-03 08:40:33', '2018-03-03 08:40:33', 97, 5),
(41, 'Adipisci consequuntur assumenda quia omnis facilis quae. Libero voluptatibus quae illo ullam consequatur. Autem in libero explicabo.', '2018-03-03 08:40:33', '2018-03-03 08:40:33', 20, 32),
(42, 'Animi quis cupiditate rem itaque odit sed veniam. Quaerat laudantium veniam id quaerat cupiditate. Eaque aliquid pariatur alias explicabo veritatis nam. Rerum et sit est velit qui.', '2018-03-03 08:40:33', '2018-03-03 08:40:33', 83, 20),
(43, 'Aliquam saepe vero tenetur et aut. Quos dolores magnam laboriosam repudiandae explicabo repellendus. Sit quia eos quia eos eaque suscipit. Quo ipsum deserunt sint iusto animi voluptatem itaque.', '2018-03-03 08:40:33', '2018-03-03 08:40:33', 72, 40),
(44, 'Quaerat iste repellendus et facere non et. Quidem dicta esse ut minus alias reprehenderit voluptates et. Voluptatem fuga neque autem necessitatibus molestiae earum neque.', '2018-03-03 08:40:33', '2018-03-03 08:40:33', 40, 15),
(45, 'Nobis et sit voluptatem et facilis. Quisquam animi commodi non sint atque. Perspiciatis magni qui iure repellat illo saepe.', '2018-03-03 08:40:33', '2018-03-03 08:40:33', 93, 3),
(46, 'Mollitia animi sint blanditiis error tempora vel. Impedit id est recusandae dolorem facere occaecati sed quis. Consequatur perspiciatis in rerum sit saepe.', '2018-03-03 08:40:33', '2018-03-03 08:40:33', 27, 10),
(47, 'Autem sed qui animi omnis sequi enim. Reiciendis explicabo alias aperiam aliquam. Fugiat assumenda perspiciatis eum delectus rem corporis laudantium.', '2018-03-03 08:40:33', '2018-03-03 08:40:33', 15, 40),
(48, 'Quas facilis numquam voluptatem voluptatem enim ex pariatur. Culpa qui harum qui. Eum rerum molestiae in et est quia quis. Ut soluta nesciunt magni adipisci totam ut.', '2018-03-03 08:40:33', '2018-03-03 08:40:33', 75, 32),
(49, 'Sint est quia voluptatem maxime est. Libero porro nam hic maxime autem qui numquam. Ullam a alias et error. Sint est dolore quaerat impedit tempora nihil.', '2018-03-03 08:40:33', '2018-03-03 08:40:33', 67, 14),
(50, 'Rerum saepe pariatur et consequuntur ut vel qui. Suscipit exercitationem ipsa perspiciatis. Rem deserunt eaque neque facilis dolorem. Non ullam et assumenda doloribus.', '2018-03-03 08:40:33', '2018-03-03 08:40:33', 17, 36),
(51, 'Quia aut delectus ut in totam saepe et. Libero non qui nesciunt. Vel iste placeat numquam temporibus eos tempora accusamus optio.', '2018-03-03 08:40:33', '2018-03-03 08:40:33', 7, 34),
(52, 'Possimus nam quae cum laboriosam dolore dolorem. Adipisci rerum at et itaque quia debitis. Tempore voluptatem quas quas reiciendis.', '2018-03-03 08:40:33', '2018-03-03 08:40:33', 6, 27),
(53, 'Qui assumenda molestias quos incidunt. Qui eligendi tempora rerum atque illo et. Vel exercitationem itaque quam autem incidunt dignissimos sed.', '2018-03-03 08:40:33', '2018-03-03 08:40:33', 20, 23),
(54, 'Eius in dignissimos quas culpa laboriosam quo voluptatem vel. Necessitatibus consequuntur tempora numquam eveniet in consequuntur dicta. Quia cupiditate et non mollitia.', '2018-03-03 08:40:33', '2018-03-03 08:40:33', 46, 16),
(55, 'Quia inventore et incidunt et tenetur officiis. Doloribus est voluptas qui et ipsum dignissimos illum. Aut omnis laudantium occaecati deleniti sed. Quidem quod voluptas ut quis dolore nostrum.', '2018-03-03 08:40:33', '2018-03-03 08:40:33', 77, 1),
(56, 'Doloremque amet aperiam et voluptatem. Nihil voluptatum adipisci est voluptatibus placeat beatae. Commodi aut nobis labore ut culpa dolorum. Totam sunt et dolorum necessitatibus molestiae beatae.', '2018-03-03 08:40:33', '2018-03-03 08:40:33', 69, 1),
(57, 'Qui odio beatae est maiores. Velit eveniet quis pariatur in quis. Nulla fuga rerum sed et. Ipsam explicabo molestiae culpa accusamus qui voluptate.', '2018-03-03 08:40:33', '2018-03-03 08:40:33', 90, 25),
(58, 'Molestias voluptas aliquid sed et repellat quos magnam. At aspernatur saepe minus praesentium quasi culpa soluta suscipit. Sint ipsa ut accusantium aliquid. Velit optio non sit sed.', '2018-03-03 08:40:33', '2018-03-03 08:40:33', 38, 6),
(59, 'Voluptatem est assumenda occaecati dolor fuga ad. Beatae earum illo alias cupiditate. In non ducimus pariatur non ut dolorum. Omnis minus odio ut dicta nemo.', '2018-03-03 08:40:33', '2018-03-03 08:40:33', 37, 6),
(60, 'Aperiam eum omnis qui amet inventore vitae illo. Commodi voluptatum dolorum ea incidunt recusandae in sapiente. Eveniet asperiores minima minima iste nihil et rerum.', '2018-03-03 08:40:33', '2018-03-03 08:40:33', 15, 28),
(61, 'Quo consequuntur a assumenda commodi perferendis sit. Fuga voluptas velit magni voluptatem dolor quod. Quae placeat fugit a esse debitis.', '2018-03-03 08:40:33', '2018-03-03 08:40:33', 100, 3),
(62, 'Ea quibusdam inventore voluptas asperiores. Consectetur fuga ab consequatur repudiandae voluptas iste aspernatur.', '2018-03-03 08:40:33', '2018-03-03 08:40:33', 24, 6),
(63, 'Et consequatur explicabo et ex. Autem eveniet nobis qui consequatur earum qui. Laudantium nihil culpa ut est officiis est nemo quos.', '2018-03-03 08:40:33', '2018-03-03 08:40:33', 23, 12),
(64, 'Laboriosam natus reiciendis nulla quaerat consequuntur rerum. Commodi perspiciatis odio distinctio ut voluptate dicta. Qui qui rem consequatur qui natus consectetur amet.', '2018-03-03 08:40:33', '2018-03-03 08:40:33', 32, 3),
(65, 'Ex facere nam et temporibus quo rem optio aut. Aut dolorem vel est sunt cum omnis. Optio necessitatibus assumenda recusandae omnis.', '2018-03-03 08:40:33', '2018-03-03 08:40:33', 37, 6),
(66, 'A veniam omnis consequatur labore molestiae blanditiis distinctio. Nihil voluptatibus quisquam ratione asperiores sapiente et. Commodi reiciendis ex ducimus sit quia.', '2018-03-03 08:40:33', '2018-03-03 08:40:33', 94, 12),
(67, 'Reprehenderit quis voluptatem ut similique cumque. Cumque eius harum sequi eveniet eius doloremque earum. Nihil nihil ea qui quidem velit esse voluptatem pariatur.', '2018-03-03 08:40:33', '2018-03-03 08:40:33', 37, 19),
(68, 'Nostrum odio sapiente quas aut expedita nam. Libero maiores blanditiis qui necessitatibus. Harum id aperiam voluptatem est mollitia. Voluptatum aut et sint tempore aspernatur.', '2018-03-03 08:40:33', '2018-03-03 08:40:33', 75, 7),
(69, 'Omnis rerum iusto aut a neque eum. Odio ipsum magnam vel voluptatibus magni nulla. Nihil quia aspernatur commodi ducimus eum temporibus.', '2018-03-03 08:40:33', '2018-03-03 08:40:33', 9, 5),
(70, 'Ratione laboriosam rem quisquam a molestiae et eum. Temporibus corporis facere illum esse. At distinctio omnis assumenda libero placeat quo nulla tempore.', '2018-03-03 08:40:33', '2018-03-03 08:40:33', 42, 29),
(71, 'Qui harum officiis reprehenderit autem. Aut occaecati suscipit perferendis eos ipsam illum aut. Atque atque omnis facilis necessitatibus ipsa laboriosam occaecati.', '2018-03-03 08:40:33', '2018-03-03 08:40:33', 88, 11),
(72, 'Id assumenda recusandae et sequi non. Beatae omnis et velit deserunt non et.', '2018-03-03 08:40:33', '2018-03-03 08:40:33', 8, 37),
(73, 'Qui dicta et quibusdam quia. Velit autem molestias aspernatur vero. Reprehenderit incidunt quod voluptatem rem quasi ut.', '2018-03-03 08:40:33', '2018-03-03 08:40:33', 93, 3),
(74, 'Quam qui vel doloribus id saepe nisi. Quas autem at eum at voluptates modi quis. Libero libero aut dolore voluptatem.', '2018-03-03 08:40:33', '2018-03-03 08:40:33', 65, 20),
(75, 'Quae maiores et aliquid fugit error. Nulla facilis et quas vel. Sit officia aut voluptas unde.', '2018-03-03 08:40:33', '2018-03-03 08:40:33', 37, 38),
(76, 'Officia illum necessitatibus nisi incidunt voluptatem voluptas. Consequuntur adipisci accusamus nemo suscipit quos.', '2018-03-03 08:40:33', '2018-03-03 08:40:33', 77, 2),
(77, 'Ut corporis vitae accusantium quia quidem qui unde. Maiores et similique quia rem et iure reprehenderit. Facere ad eveniet neque optio ad molestiae magni.', '2018-03-03 08:40:33', '2018-03-03 08:40:33', 5, 40),
(78, 'Consequatur aut aperiam ea adipisci temporibus eum. Temporibus dolor qui fuga corporis. Nisi fugiat laboriosam cupiditate.', '2018-03-03 08:40:33', '2018-03-03 08:40:33', 62, 22),
(79, 'Et commodi sapiente sint. Aut ea tempora dolor corporis minus. Consequatur quasi dolorem sunt harum quas. Incidunt sequi qui ipsa non aliquam quos quod omnis.', '2018-03-03 08:40:33', '2018-03-03 08:40:33', 89, 25),
(80, 'Et rerum qui quia. Rerum consequatur in et ut enim voluptas eum. Eaque aspernatur amet et esse aut rerum eligendi. Libero qui quia et sed rerum.', '2018-03-03 08:40:33', '2018-03-03 08:40:33', 1, 7),
(81, 'Dolorem provident maiores soluta assumenda debitis. Mollitia autem aut iure perferendis. Similique enim ipsam doloribus quae. Dolor sunt hic accusantium voluptas.', '2018-03-03 08:40:33', '2018-03-03 08:40:33', 97, 4),
(82, 'Suscipit ab autem est aut soluta tenetur aspernatur. Corporis aperiam quos exercitationem dignissimos qui. Voluptatum minima ut officiis at blanditiis.', '2018-03-03 08:40:33', '2018-03-03 08:40:33', 26, 30),
(83, 'Ex quasi et cum incidunt corrupti. Accusamus in vel sed labore fugiat quam. Qui voluptatem aut consectetur minima eum natus. Sequi architecto facere voluptatum quae totam reprehenderit dolorem.', '2018-03-03 08:40:33', '2018-03-03 08:40:33', 73, 10),
(84, 'Perferendis voluptatem amet ea possimus quia cupiditate. Recusandae hic occaecati officiis illo voluptate aut dolor eum. Ex commodi enim voluptate aut nulla.', '2018-03-03 08:40:33', '2018-03-03 08:40:33', 40, 19),
(85, 'Omnis repellendus perspiciatis et commodi enim. Qui in ea error maiores inventore. Praesentium itaque facilis corrupti eum ut quis. Omnis repellendus earum aut sapiente qui dolorem. Aut at ut et.', '2018-03-03 08:40:33', '2018-03-03 08:40:33', 68, 6),
(86, 'Magni voluptatum qui aut. Nam vel nostrum perferendis. Omnis vel neque dignissimos ut voluptatem cumque.', '2018-03-03 08:40:33', '2018-03-03 08:40:33', 84, 15),
(87, 'Et odio consequatur quisquam laudantium quasi aperiam voluptates. Sunt earum nam nihil assumenda et commodi pariatur quia. Rerum omnis reiciendis in quam laboriosam beatae.', '2018-03-03 08:40:33', '2018-03-03 08:40:33', 51, 3),
(88, 'Facilis odit aut voluptates. Reiciendis iste rerum aut harum aliquam ut autem. Qui accusamus eius quia voluptatibus quia.', '2018-03-03 08:40:33', '2018-03-03 08:40:33', 39, 11),
(89, 'Voluptate laborum debitis sed quod voluptatem porro. Reiciendis qui harum quaerat sit incidunt fugiat magnam officiis. Et vero inventore qui voluptatum quasi.', '2018-03-03 08:40:33', '2018-03-03 08:40:33', 89, 39),
(90, 'Consequuntur culpa tempore iure dolores ut totam cum corporis. Debitis in magnam et error quisquam sed. Mollitia voluptas sint ut error labore consequuntur sint.', '2018-03-03 08:40:33', '2018-03-03 08:40:33', 72, 35),
(91, 'Ex qui expedita aut. Sit quibusdam qui et sit. Vero et ut odit dolores. A velit perferendis nam molestias.', '2018-03-03 08:40:33', '2018-03-03 08:40:33', 85, 31),
(92, 'Est nesciunt odit voluptas perferendis enim velit explicabo. Autem quam doloribus cum vel aut nihil eligendi dignissimos. Quo neque consequuntur voluptates.', '2018-03-03 08:40:33', '2018-03-03 08:40:33', 61, 2),
(93, 'Enim et aut quo error vel velit. Est rerum omnis culpa incidunt et qui quo laboriosam. Iste totam minus vero est iste impedit vero. Totam quas ea eum officia sunt.', '2018-03-03 08:40:33', '2018-03-03 08:40:33', 38, 15),
(94, 'Nulla repellendus quia quo nostrum dolores maiores. Molestias facere ut consequatur sunt. Excepturi perspiciatis est libero. Aspernatur unde impedit ratione minus. Reprehenderit tenetur quae qui.', '2018-03-03 08:40:33', '2018-03-03 08:40:33', 33, 40),
(95, 'Quam eum tempora molestias fuga ut sapiente. Dignissimos amet commodi tenetur deserunt placeat quod. Beatae ducimus nisi quidem ut ea sint vel facere.', '2018-03-03 08:40:33', '2018-03-03 08:40:33', 42, 11),
(96, 'Suscipit debitis eum quo aut architecto. Nesciunt aut totam eveniet rem possimus iure enim. Tempora animi mollitia quidem velit sed. Quia qui tenetur deserunt quam labore consectetur.', '2018-03-03 08:40:33', '2018-03-03 08:40:33', 84, 33),
(97, 'Id officiis temporibus ad et voluptatem unde sint. Consequatur perferendis officia non. Eos alias et est vero.', '2018-03-03 08:40:33', '2018-03-03 08:40:33', 65, 12),
(98, 'Rerum possimus molestias in dolore alias dolor dolor voluptatem. Aliquid voluptatem excepturi harum consequatur et. Rerum cum vero corrupti qui dolore perspiciatis. Quisquam qui corrupti ut ad.', '2018-03-03 08:40:33', '2018-03-03 08:40:33', 3, 16),
(99, 'Aut vero nihil aliquid asperiores necessitatibus. Tempora est necessitatibus voluptatem quia placeat ut. Porro qui et sed iste.', '2018-03-03 08:40:33', '2018-03-03 08:40:33', 36, 33),
(100, 'Sapiente consequatur nulla voluptatem magni atque iusto ipsum. Adipisci illo blanditiis eius dolores. Ut molestiae voluptatibus similique sed officia. Excepturi vero aut earum et.', '2018-03-03 08:40:33', '2018-03-03 08:40:33', 6, 3),
(101, 'Hummm, Tiorna tu as du skylls en laravel maintenant?', '2018-04-01 14:22:59', '2018-04-01 14:22:59', 103, 42),
(102, 'Hummm!!!', '2018-04-01 14:28:43', '2018-04-01 14:28:43', 103, 42),
(103, 'Hummm!!!', '2018-04-01 14:37:13', '2018-04-01 14:37:13', 103, 42),
(104, 'Hello, ça c\'est ma première réponse sur cet article!', '2018-04-01 15:10:58', '2018-04-01 15:10:58', 102, 42),
(105, 'Hello, ça c\'est ma première réponse sur cet article!', '2018-04-01 15:10:58', '2018-04-01 15:10:58', 102, 42),
(106, 'Laravel post deux fois??', '2018-04-01 15:12:13', '2018-04-01 15:12:13', 102, 42),
(107, 'Hummm, Tiorna tu as du skylls en laravel maintenant?', '2018-04-01 15:12:51', '2018-04-01 15:12:51', 104, 42),
(108, 'pfff c\'est pas toi oh', '2018-04-01 15:25:16', '2018-04-01 15:25:16', 106, 42),
(109, 'pfff c\'est pas toi oh', '2018-04-01 15:25:16', '2018-04-01 15:25:16', 106, 42),
(110, 'Hummm, Tiorna tu as du skylls en laravel maintenant?', '2018-04-01 15:25:30', '2018-04-01 15:25:30', 106, 42),
(111, 'Hummm, Tiorna tu as du skylls en laravel maintenant?', '2018-04-01 15:27:05', '2018-04-01 15:27:05', 45, 42),
(112, 'Yes!  c\'est au top!!!!', '2018-04-01 16:52:04', '2018-04-01 16:52:04', 107, 42),
(113, 'Yes!  c\'est au top!!!!', '2018-04-01 23:39:00', '2018-04-01 23:39:00', 108, 42),
(114, 'Cool! profites en au maximum!', '2018-04-02 00:18:04', '2018-04-02 00:18:04', 109, 42);

-- --------------------------------------------------------

--
-- Structure de la table `tags`
--

DROP TABLE IF EXISTS `tags`;
CREATE TABLE IF NOT EXISTS `tags` (
  `id` int(10) UNSIGNED NOT NULL AUTO_INCREMENT,
  `tag` varchar(50) COLLATE utf8mb4_unicode_ci NOT NULL,
  `tag_url` varchar(60) COLLATE utf8mb4_unicode_ci NOT NULL,
  `created_at` timestamp NULL DEFAULT NULL,
  `updated_at` timestamp NULL DEFAULT NULL,
  PRIMARY KEY (`id`),
  UNIQUE KEY `tags_tag_unique` (`tag`),
  UNIQUE KEY `tags_tag_url_unique` (`tag_url`)
) ENGINE=MyISAM AUTO_INCREMENT=48 DEFAULT CHARSET=utf8mb4 COLLATE=utf8mb4_unicode_ci;

--
-- Déchargement des données de la table `tags`
--

INSERT INTO `tags` (`id`, `tag`, `tag_url`, `created_at`, `updated_at`) VALUES
(1, 'tags0', 'tag0', '2018-09-01 09:07:15', '2018-09-01 09:07:15'),
(2, 'tags1', 'tag1', '2018-05-07 09:07:15', '2018-05-07 09:07:15'),
(3, 'tags2', 'tag2', '2018-07-07 09:07:15', '2018-07-07 09:07:15'),
(4, 'tags3', 'tag3', '2018-10-17 09:07:15', '2018-10-17 09:07:15'),
(5, 'tags4', 'tag4', '2018-09-08 09:07:15', '2018-09-08 09:07:15'),
(6, 'tags5', 'tag5', '2018-05-16 09:07:15', '2018-05-16 09:07:15'),
(7, 'tags6', 'tag6', '2018-03-13 09:07:15', '2018-03-13 09:07:15'),
(8, 'tags7', 'tag7', '2018-11-07 09:07:15', '2018-11-07 09:07:15'),
(9, 'tags8', 'tag8', '2018-07-06 09:07:15', '2018-07-06 09:07:15'),
(10, 'tags9', 'tag9', '2018-07-15 09:07:15', '2018-07-15 09:07:15'),
(11, 'tags10', 'tag10', '2018-05-12 09:07:15', '2018-05-12 09:07:15'),
(12, 'tags11', 'tag11', '2018-05-26 09:07:15', '2018-05-26 09:07:15'),
(13, 'tags12', 'tag12', '2018-04-26 09:07:15', '2018-04-26 09:07:15'),
(14, 'tags13', 'tag13', '2018-12-04 09:07:15', '2018-12-04 09:07:15'),
(15, 'tags14', 'tag14', '2018-05-04 09:07:15', '2018-05-04 09:07:15'),
(16, 'tags15', 'tag15', '2018-07-26 09:07:15', '2018-07-26 09:07:15'),
(17, 'tags16', 'tag16', '2018-08-17 09:07:15', '2018-08-17 09:07:15'),
(18, 'tags17', 'tag17', '2018-12-02 09:07:15', '2018-12-02 09:07:15'),
(19, 'tags18', 'tag18', '2018-10-17 09:07:15', '2018-10-17 09:07:15'),
(20, 'tags19', 'tag19', '2018-02-28 09:07:15', '2018-02-28 09:07:15'),
(21, 'tags20', 'tag20', '2018-08-11 09:07:15', '2018-08-11 09:07:15'),
(22, 'tags21', 'tag21', '2018-04-06 09:07:15', '2018-04-06 09:07:15'),
(23, 'tags22', 'tag22', '2018-09-16 09:07:15', '2018-09-16 09:07:15'),
(24, 'tags23', 'tag23', '2018-03-24 09:07:15', '2018-03-24 09:07:15'),
(25, 'tags24', 'tag24', '2018-03-10 09:07:15', '2018-03-10 09:07:15'),
(26, 'tags25', 'tag25', '2018-05-07 09:07:15', '2018-05-07 09:07:15'),
(27, 'tags26', 'tag26', '2018-06-13 09:07:15', '2018-06-13 09:07:15'),
(28, 'tags27', 'tag27', '2018-03-14 09:07:15', '2018-03-14 09:07:15'),
(29, 'tags28', 'tag28', '2018-02-10 09:07:15', '2018-02-10 09:07:15'),
(30, 'tags29', 'tag29', '2018-06-06 09:07:15', '2018-06-06 09:07:15'),
(31, 'tags30', 'tag30', '2018-12-06 09:07:15', '2018-12-06 09:07:15'),
(32, 'tags31', 'tag31', '2018-06-03 09:07:15', '2018-06-03 09:07:15'),
(33, 'tags32', 'tag32', '2018-03-06 09:07:15', '2018-03-06 09:07:15'),
(34, 'tags33', 'tag33', '2018-12-05 09:07:15', '2018-12-05 09:07:15'),
(35, 'tags34', 'tag34', '2018-02-01 09:07:15', '2018-02-01 09:07:15'),
(36, 'tags35', 'tag35', '2018-08-25 09:07:15', '2018-08-25 09:07:15'),
(37, 'tags36', 'tag36', '2018-06-27 09:07:15', '2018-06-27 09:07:15'),
(38, 'tags37', 'tag37', '2018-09-16 09:07:15', '2018-09-16 09:07:15'),
(39, 'tags38', 'tag38', '2018-12-14 09:07:15', '2018-12-14 09:07:15'),
(40, 'tags39', 'tag39', '2018-05-13 09:07:15', '2018-05-13 09:07:15'),
(41, 'fuck', 'fuck', '2018-03-14 23:40:26', '2018-03-14 23:40:26'),
(42, 'php', 'php', '2018-03-14 23:54:25', '2018-03-14 23:54:25'),
(43, 'code', 'code', '2018-03-14 23:54:25', '2018-03-14 23:54:25'),
(44, 'angular js', 'angular-js', '2018-03-14 23:54:25', '2018-03-14 23:54:25'),
(45, 'tiorna', 'tiorna', '2018-03-15 00:01:14', '2018-03-15 00:01:14'),
(46, 'es6', 'es6', '2018-03-15 22:03:25', '2018-03-15 22:03:25'),
(47, 'vanilla  js', 'vanilla-js', '2018-03-29 21:03:47', '2018-03-29 21:03:47');

-- --------------------------------------------------------

--
-- Structure de la table `users`
--

DROP TABLE IF EXISTS `users`;
CREATE TABLE IF NOT EXISTS `users` (
  `id` int(10) UNSIGNED NOT NULL AUTO_INCREMENT,
  `name` varchar(191) COLLATE utf8mb4_unicode_ci NOT NULL,
  `email` varchar(191) COLLATE utf8mb4_unicode_ci NOT NULL,
  `contact` varchar(191) COLLATE utf8mb4_unicode_ci NOT NULL,
  `admin` tinyint(1) NOT NULL,
  `photo` varchar(191) COLLATE utf8mb4_unicode_ci NOT NULL,
  `password` varchar(191) COLLATE utf8mb4_unicode_ci NOT NULL,
  `remember_token` varchar(100) COLLATE utf8mb4_unicode_ci DEFAULT NULL,
  `created_at` timestamp NULL DEFAULT NULL,
  `updated_at` timestamp NULL DEFAULT NULL,
  PRIMARY KEY (`id`),
  UNIQUE KEY `users_email_unique` (`email`)
) ENGINE=MyISAM AUTO_INCREMENT=44 DEFAULT CHARSET=utf8mb4 COLLATE=utf8mb4_unicode_ci;

--
-- Déchargement des données de la table `users`
--

INSERT INTO `users` (`id`, `name`, `email`, `contact`, `admin`, `photo`, `password`, `remember_token`, `created_at`, `updated_at`) VALUES
(1, 'Letha Breitenberg', 'daisy93@example.net', '+1-219-475-4635', 0, 'https://lorempixel.com/640/480/?27969', '$2y$10$c/p9I/MyGNQom6FTUq8cFeZmUPhE4gohF0fW0g1x0UEBScl1/5kZK', '0c1sjBlJDK', '2018-03-03 08:40:32', '2018-03-03 08:40:32'),
(2, 'Mr. Pablo Renner MD', 'eldred89@example.com', '831-204-2946 x66040', 1, 'https://lorempixel.com/640/480/?89836', '$2y$10$G1UvGRrsr0u5t8f88gNk4eB1Qu8d8dZvCTLUDhwb4qiirSkW4o.OO', 'gZTFxXjrqk', '2018-03-03 08:40:32', '2018-03-03 08:40:32'),
(3, 'Kattie Kemmer I', 'kim.armstrong@example.net', '1-395-582-5726 x11688', 0, 'https://lorempixel.com/640/480/?57468', '$2y$10$y7wClu3Hml7umIvju0Du9eioafmECOd.dGumqDQr5F207FPL7s8HG', 'MNkgdqJekw', '2018-03-03 08:40:32', '2018-03-03 08:40:32'),
(4, 'Ms. Tia Sporer V', 'abe.daugherty@example.net', '740.624.7723 x8619', 1, 'https://lorempixel.com/640/480/?99058', '$2y$10$WRSeS2hDeU8JO3ZUQMtO5uj8cA4c/n9wvbLxCZLcuTK2nITN0FB9y', 'XhbZMxW3GO', '2018-03-03 08:40:32', '2018-03-03 08:40:32'),
(5, 'Tremayne Bayer', 'gail.sporer@example.net', '857-349-5968 x4777', 0, 'https://lorempixel.com/640/480/?43218', '$2y$10$v7Tcc4IS0exOGV8hO6/hdeTMQi6G6RTL7OexUBQgz4HbZ8zf6FAEC', 'I2qXZe4FU9', '2018-03-03 08:40:32', '2018-03-03 08:40:32'),
(6, 'Elinor Corkery', 'kuhlman.leann@example.org', '(590) 301-3711 x288', 0, 'https://lorempixel.com/640/480/?17122', '$2y$10$qfpc6OBeWeEoLBXZG2Ox4OUEL8CGN3RO58x9xkdEy6msjKNchlsrK', 'kBVkauOnKW', '2018-03-03 08:40:32', '2018-03-03 08:40:32'),
(7, 'Mrs. Meta Bosco', 'tremaine54@example.org', '1-627-977-9687', 1, 'https://lorempixel.com/640/480/?88355', '$2y$10$aPhosQO3ZRXF20LTwgRqeuuW747mUFYU5RqEFwVcHT8eN2/mTxtNG', 'q7xtPlLtwW', '2018-03-03 08:40:32', '2018-03-03 08:40:32'),
(8, 'Reilly Ratke', 'rosalind.muller@example.org', '(739) 300-0378 x407', 0, 'https://lorempixel.com/640/480/?95256', '$2y$10$ZFtxju1w5Yb..eZTU7MtFuX.Q/B63fqQdrSUEKhokZPm.ESGk3Lwy', 'MbQ01lR3Sh', '2018-03-03 08:40:32', '2018-03-03 08:40:32'),
(9, 'Drew Weissnat', 'wintheiser.brandon@example.com', '450-798-0132 x125', 0, 'https://lorempixel.com/640/480/?19182', '$2y$10$eomc3gYCLyx5ajc.5A0EpO3RDe3At4XlDrLeAkddwlPKCC5o3qf1K', 'aCYEnyaU2C', '2018-03-03 08:40:32', '2018-03-03 08:40:32'),
(10, 'Carol Wyman', 'issac01@example.org', '884.387.5327 x8935', 0, 'https://lorempixel.com/640/480/?40614', '$2y$10$hQPwiIl.hfjjcqVRN9Hzme7JG7egmfruoQ2Xj59c460imUfEyDbma', 'cfgyeYFI9E', '2018-03-03 08:40:32', '2018-03-03 08:40:32'),
(11, 'Ceasar Beer', 'jaskolski.kellen@example.com', '(738) 847-3753', 0, 'https://lorempixel.com/640/480/?53165', '$2y$10$7j8jsG4c6c/T3oMMyWXo0O1H5KHIG52sIlS8Ai.9PlFvvTJCfxZgu', 'IdMXSKilRb', '2018-03-03 08:40:32', '2018-03-03 08:40:32'),
(12, 'Bernardo Gleichner II', 'igibson@example.org', '527-588-1764 x1316', 0, 'https://lorempixel.com/640/480/?53106', '$2y$10$V/q5mZ77i9N2qYdOF2VafurbKjZ43TaTEFWIFGf/Lcjhw.ODo7vp2', 'CrGVfEgMrF', '2018-03-03 08:40:32', '2018-03-03 08:40:32'),
(13, 'Osbaldo Mohr', 'hschuster@example.com', '(996) 988-1434 x092', 1, 'https://lorempixel.com/640/480/?70970', '$2y$10$DcbptmVAtryFFYPgTeEODuuYRH0RScXYQQLYnhqFFGDTS..Eu/yPu', 'mLVTOhxyag', '2018-03-03 08:40:32', '2018-03-03 08:40:32'),
(14, 'Jess Doyle', 'steuber.darrin@example.net', '1-470-395-7984 x8497', 1, 'https://lorempixel.com/640/480/?92488', '$2y$10$/ez7rLzuIDo1j..TD5sl7OwCXloPuKwlRWt5tEUv3HZyLE.O2Hcdi', 'p2WUArcEXR', '2018-03-03 08:40:32', '2018-03-03 08:40:32'),
(15, 'Prof. Deontae Witting IV', 'orion.labadie@example.com', '+1-742-257-1361', 1, 'https://lorempixel.com/640/480/?64355', '$2y$10$rqju5yZl6vsrnqjWUSushe6khYVHH5vb/LVmI1S9DlsNMhOYcmW/i', '8QFVwmgAVn', '2018-03-03 08:40:32', '2018-03-03 08:40:32'),
(16, 'Miss Susie Friesen', 'hailey.gusikowski@example.com', '(819) 991-2290 x94188', 0, 'https://lorempixel.com/640/480/?54725', '$2y$10$ScrkQEZyepA3Q0DfD16uweBvyFwlTuAuuJv7ze5sY8QiGN1hd3C9a', 'udv28Dq8Eo', '2018-03-03 08:40:32', '2018-03-03 08:40:32'),
(17, 'Stefanie Wolff', 'mtreutel@example.org', '1-749-979-8036 x076', 1, 'https://lorempixel.com/640/480/?48362', '$2y$10$FfzfGsX0t8p6vWexhPsV..suXZlkjVFz7C9ilXoVUTJQUub98pwEm', 't8JI5znsF4', '2018-03-03 08:40:32', '2018-03-03 08:40:32'),
(18, 'Alf Koch', 'xhansen@example.org', '(940) 819-4605 x266', 0, 'https://lorempixel.com/640/480/?66186', '$2y$10$QgRMPxR/dfRI5rnysNJC/O2O4B7sCKfmSAhvqAqUtSahHvY2K431m', 'LQS7qGAqse', '2018-03-03 08:40:32', '2018-03-03 08:40:32'),
(19, 'Rhianna Bosco', 'qnitzsche@example.com', '1-972-446-5033', 0, 'https://lorempixel.com/640/480/?89215', '$2y$10$V.12FhI3uJwhp/ZHhHD0SuK.45AOLgRq5B4DFnMveck8HgsVt4z4O', 'duB3EYZ98k', '2018-03-03 08:40:32', '2018-03-03 08:40:32'),
(20, 'Sally Jacobson', 'bdaugherty@example.com', '961-288-9736 x79745', 1, 'https://lorempixel.com/640/480/?41312', '$2y$10$gNP6a2psdeOv6s2Uffqa.ek19mC9oJem0jUYjdSGemvwr3WzatpRS', 'PClJ44gw3B', '2018-03-03 08:40:32', '2018-03-03 08:40:32'),
(21, 'Carroll Gerhold', 'bryon39@example.com', '+1 (223) 579-6693', 0, 'https://lorempixel.com/640/480/?15514', '$2y$10$DUIINhAlApcU7Wgsq7pyTOGyBzJ6mnkDk4Tmv1i87fAWtfaAHbJh6', 'jFdFmUkVp0', '2018-03-03 08:40:32', '2018-03-03 08:40:32'),
(22, 'Daphne Schiller', 'reggie.beatty@example.net', '+1 (985) 858-3055', 0, 'https://lorempixel.com/640/480/?50310', '$2y$10$57oY8VmrC.QxqPgmAwEhrOn.hoUR9zYaQcGK392kOx1MAGRzy9OXO', 'LSZD9pS72w', '2018-03-03 08:40:32', '2018-03-03 08:40:32'),
(23, 'Helen Beahan', 'ahamill@example.com', '274-849-9450', 0, 'https://lorempixel.com/640/480/?74008', '$2y$10$9G1ALAO63DARLWaiT875Vea9lEbLw0Vy2KRnpuqI7ehr9sdpUcDo.', 'nuFwxm1JZr', '2018-03-03 08:40:32', '2018-03-03 08:40:32'),
(24, 'Malinda Hammes', 'uwitting@example.com', '(262) 433-9436 x07508', 1, 'https://lorempixel.com/640/480/?75639', '$2y$10$2TCyne.yY/OSy/ab6fZLBOwFq3SsmDHPfEhh2WQyNWrq30z/QGlLG', 'Df1kMJrFeI', '2018-03-03 08:40:32', '2018-03-03 08:40:32'),
(25, 'Prof. Selina Shields', 'jillian.damore@example.com', '858-894-6648 x67316', 0, 'https://lorempixel.com/640/480/?69905', '$2y$10$OJV9j5sOdWF..keVKuowq.DOngS09PcT5Bd/wfN2uvJNEWqD9Zl3q', 'Br4ueB9hMb', '2018-03-03 08:40:32', '2018-03-03 08:40:32'),
(26, 'Jeff Fisher Sr.', 'tgorczany@example.org', '354-356-3901', 0, 'https://lorempixel.com/640/480/?21083', '$2y$10$8HiqLNrXhyLzaa9rER8HguTG15Qmy8t/bBIKuVNTzM2rispoPbGA2', 'Wf2RrH5hZ7', '2018-03-03 08:40:32', '2018-03-03 08:40:32'),
(27, 'Dr. Alfreda Kohler III', 'saul.mills@example.net', '+12506998382', 0, 'https://lorempixel.com/640/480/?87803', '$2y$10$CvozF7Rx5Co3X.lf6ulqJ.oe1hqGI0/wly09HqXBpUrBcV9yVPmWy', 'cCUW8zGuYe', '2018-03-03 08:40:32', '2018-03-03 08:40:32'),
(28, 'Prof. Lowell Kihn', 'xmacejkovic@example.net', '(715) 401-5459 x87171', 1, 'https://lorempixel.com/640/480/?44059', '$2y$10$NXAXM6wxhUwwi4/eewwgcOcGrdWqTP3ZoVD5eBJkBrwkJyaSjvJqm', 'ixq78cGmZZ', '2018-03-03 08:40:32', '2018-03-03 08:40:32'),
(29, 'Milford Turner MD', 'tessie80@example.net', '+1-639-945-8378', 0, 'https://lorempixel.com/640/480/?65195', '$2y$10$JlOPKVUURgJuw0R1Aeg9He7ZbA8x0syd6yYj99V9cXNYLu2UDD51m', 'BMWBqIYYn8', '2018-03-03 08:40:32', '2018-03-03 08:40:32'),
(30, 'Jaqueline Heller', 'timothy.jakubowski@example.org', '1-207-494-3338', 0, 'https://lorempixel.com/640/480/?23178', '$2y$10$gHDA7VCbWAsxGlex1NZz3OQdsxHadKrYH6DtQweEVl5bDbX0kqAcm', 'flfhkjq5sW', '2018-03-03 08:40:32', '2018-03-03 08:40:32'),
(31, 'Dr. Lonnie Block', 'kirlin.marquis@example.org', '(435) 575-5893 x2113', 0, 'https://lorempixel.com/640/480/?61600', '$2y$10$PvmhOb0uFNFEi2yJ8KYwC./1uf.t7NabTcD0QBIWbN6W5AwH9hkb.', '26Eg91I5md', '2018-03-03 08:40:32', '2018-03-03 08:40:32'),
(32, 'Estrella Luettgen IV', 'fboehm@example.net', '+1 (593) 752-4472', 1, 'https://lorempixel.com/640/480/?31354', '$2y$10$KGlBqZOKrCa4tHxXLiJh6.jpPymiZPzniDrQX3W88B5GrfqkLDliG', 'N47crAyEHF', '2018-03-03 08:40:32', '2018-03-03 08:40:32'),
(33, 'Prof. Terry Franecki', 'wkeebler@example.org', '+1-634-635-2955', 0, 'https://lorempixel.com/640/480/?57225', '$2y$10$B6.dT.DWppw36WMNpMK.8eFd6MnEDE1L63Gn0XKysL03LXW7gqCSm', 'L8d9qAzMeW', '2018-03-03 08:40:32', '2018-03-03 08:40:32'),
(34, 'Scarlett Hane', 'cullen91@example.net', '1-335-690-0756', 1, 'https://lorempixel.com/640/480/?87187', '$2y$10$DuX/PDS7j0yQ0BstpSlUJeWpmSsNzhJ0.yMHw5ouFoqetqw/eJtb.', 'AlVV0HGGJb', '2018-03-03 08:40:32', '2018-03-03 08:40:32'),
(35, 'Maryse Konopelski', 'dking@example.org', '698-339-8014', 0, 'https://lorempixel.com/640/480/?11163', '$2y$10$XXyuopDCgoU8ltpK2uOwU.3K8Vw3iu1wt8cfCEVju1C3mukgMqXO2', 'IyxLESi89S', '2018-03-03 08:40:32', '2018-03-03 08:40:32'),
(36, 'Aracely Crooks PhD', 'agustin15@example.com', '+1.204.530.6542', 1, 'https://lorempixel.com/640/480/?37724', '$2y$10$JXCxNh.tURtX/qK1fvQseupncGZ/bBBXr5ZBAAY5sjJVgPqiC7Pjq', 'tVKiXAhwCe', '2018-03-03 08:40:32', '2018-03-03 08:40:32'),
(37, 'Marcelle Stark', 'bill60@example.net', '+1.680.293.6313', 0, 'https://lorempixel.com/640/480/?58684', '$2y$10$y1NXDpBPmH5hYU0N10U8kucV2Do1Q9a6NXDDEI5Tn3JgqvcZtY5Dm', 'l6MRWY6Ka4', '2018-03-03 08:40:32', '2018-03-03 08:40:32'),
(38, 'Lysanne Ullrich', 'bridie74@example.com', '326-981-2895 x82925', 1, 'https://lorempixel.com/640/480/?49856', '$2y$10$GDO9Y4GnOYtxMOUeVGLy7.iPVDhydgK8lbC7Mh7WkNnSuP8d5IHoe', '1s0a69mEvx', '2018-03-03 08:40:32', '2018-03-03 08:40:32'),
(39, 'Bria McCullough', 'joesph62@example.com', '831.877.7194 x17451', 0, 'https://lorempixel.com/640/480/?90511', '$2y$10$alX6Ap8TpOgiI2Wpokwag.nB0G33jQ4iHP4rqlYf4DXm31BZ37fnq', 'JLkdpenftX', '2018-03-03 08:40:32', '2018-03-03 08:40:32'),
(40, 'Nia Beer V', 'nikolas26@example.org', '312-938-5050', 1, 'https://lorempixel.com/640/480/?84266', '$2y$10$6PQk4Go5QJLjpKa1rL0G0eL7Pfo4WWD1FeMvz5NoaUKMelBSNHUtC', 'yw7tPX3Ivf', '2018-03-03 08:40:32', '2018-03-03 08:40:32'),
(41, 'Tiorna Coulibaly', 'CoolibalyTiorna@yahoo.com', '49496794', 1, 'https://lorempixel.com/640/480/?99058', '$2y$10$eHCppzWSqiNFQ/7ODG3K0.4TpDozbpN3zwf4K2HR6HDYyKD70dtYa', NULL, '2018-03-03 17:53:48', '2018-03-03 17:53:48'),
(42, 'Tiorna Coulibaly 225', 'CoolibalyTiorna2015@gmail.com', '49496794', 1, 'tior-1522694797.png', '$2y$10$6yfi/rzd48jnnorb8w7FsOVzKS8TQfdHGSGnFjL7lvhUjmaTpznFW', 'xJeUP2WtkODITlSuKZZrB9ZC16Tmzg4QspwrzJJumT4Q6JVFiswLQWoJG9wb', '2018-03-04 00:53:13', '2018-04-02 18:46:37'),
(43, 'Ouattara Nadjaman', 'nadjaman@gmail.com', '45879654', 0, 'logochigata-1522694063.png', '$2y$10$5xVDiyBXTieKJ75Pb1TpYuCzqvtWaz2tDj575gGUENN4mWpn7m9xe', 'a1E6OySRdqH5s4wbvtOkF6dzGyKXeJsJpuiZ19TSH5RnrgDElzNWIy5FYu1E', '2018-03-11 17:16:40', '2018-04-02 18:34:23');
COMMIT;

/*!40101 SET CHARACTER_SET_CLIENT=@OLD_CHARACTER_SET_CLIENT */;
/*!40101 SET CHARACTER_SET_RESULTS=@OLD_CHARACTER_SET_RESULTS */;
/*!40101 SET COLLATION_CONNECTION=@OLD_COLLATION_CONNECTION */;
